# Numéros des titres du prompt Gemini : numéro | artiste | titre | playlist d'alors
T0001	10cc	I'm Not In Love	Pop · Ballades
T0002	113	Tonton du bled	Rap · FR énergique
T0003	1995	J'Aime Ca	Rap · FR groovy
T0004	1995	Nekfeu & Alpha Wann (1995) - Monsieur Sable (Prod. Basement Beatzz)	Rap · FR énergique
T0005	1DERER	GTA Vice City Stories - Introduction Theme [REMASTERED & EXTENDED]	Électro · Nu-disco & synth
T0006	2 Eivissa	Oh La La La (Radio Mix)	Électro · House
T0007	21 Savage	Rich Nigga Shit (feat. Young Thug)	Rap · US
T0008	24kGoldn	CITY OF ANGELS	Pop · Pop rock & pop dansante
T0009	2666 - The Art Of Listening	Àbáse – Laroyê (2021 - Album)	Funk · Afrobeat
T0010	2nd Exit	Intro (2 Bars)	Rap · Pays à préciser
T0011	2Pac	Do For Love	Rap · US
T0012	39bermuda	Substances	Rap · FR énergique
T0013	3MA	Mariam	Afrique · Folk, blues & mandingue
T0014	40 Thieves	Don't Turn It Off (feat. Qzen)	Électro · Nu-disco & synth
T0015	4batz	act ii: date @ 8 [remix] (feat. Drake)	Soul · R&B & neo soul posés
T0016	4th Sign	Deep Dip	Électro · Deep house vocale
T0017	4th Sign	The Movement	Électro · Deep house vocale
T0018	5 Majeur	Gères tes affaires	Rap · FR énergique
T0019	50 Cent	P.I.M.P.	Rap · US
T0020	667	669, Pt. 2 (feat. Lyonzon)	Rap · FR sombre
T0021	750 City	750 CITY - TREADMILLS	Soul · R&B & neo soul groovy
T0022	7liwa	Da7k T9ada	Rap · Maghreb
T0023	8ruki	2 Girls One Cup	Rap · FR énergique
T0024	8ruki	Bonnie & Clyde	Rap · FR groovy
T0025	8ruki	Boofpack	Rap · FR énergique
T0026	8ruki	Green Drill by 3g & Bricksy	Rap · FR sombre
T0027	8ruki	Mode Avion	Rap · FR énergique
T0028	8ruki	OH LAla!!	Rap · FR énergique
T0029	8ruki	Roule un shit	Rap · FR énergique
T0030	8ruki	Ruki Is Like	Rap · FR énergique
T0031	8ruki	Run It Up	Rap · FR énergique
T0032	8ruki, JMK$	Blueface	Rap · FR énergique
T0033	A Taste Of Honey	Boogie Oogie Oogie (Single Version 2 / Remastered 1999)	Funk · Funk, boogie & disco
T0034	A2H	Blues	Rap · FR introspectif
T0035	A2H	Nudes	Rap · FR introspectif
T0036	Aaron Childs	Tangerine (Channel Tres Remix)	Électro · House
T0037	Aasi	RIDE THE SUN	Électro · Techno percutante
T0038	Abdallah Chahine	Taksim Hawil Ya Ghanam (Nekrese)	Orient · Oud & taqsim
T0039	Abdou El Omari	Afrah El Maghreb / أفراح المغرب	Funk · Funk arabe des années 70
T0040	Abdou El Omari	Fatine / فاتن	Funk · Funk arabe des années 70
T0041	Abdou El Omari	Hind / هند	Funk · Funk arabe des années 70
T0042	Abdou El Omari	Layali Saif / ليالي الصيف	Funk · Funk arabe des années 70
T0043	Abdou El Omari	Mawa’aid / مواعيد	Funk · Funk arabe des années 70
T0044	Abdou El Omari	Rajaat Laayoun / رجعت العيون	Funk · Funk arabe des années 70
T0045	Abdou El Omari	Zifaf Filfada / زفاف في الفضاء	Funk · Funk arabe des années 70
T0046	Aber Sabeel	Tafra Dak Rrami (feat. Messnawa)	Maghreb · Traditions
T0047	ABSOLEM	Autre Vie	Rap · FR introspectif
T0048	ABSOLEM	Subzero	Rap · FR introspectif
T0049	Abstract Truth	Get Another Plan (feat. Monique Bingham)	Électro · Deep house vocale
T0050	Abstract Truth	(We Had) A Thing	Électro · Deep house vocale
T0051	Abstract Truth	(We Had) a Thing [Matty's Body & Soul Remix]	Électro · Deep house vocale
T0052	Abundance	The Smooth Gardens (Radio Edit)	Électro · Downtempo chill
T0053	Ace Specturm	I Don't Want to Play Around	Soul · Soul groovy
T0054	Acid Pauli	A Clone Is a Clone	Électro · Ambient & nappes
T0055	Acid Pauli	Nana	Électro · Ambient & nappes
T0056	Adagietto	Debussy plays Debussy | Clair de Lune (1913)	Classique · Moderne contemplatif
T0057	Adam Port	The Dream (feat. Martina Camargo)	Électro · Deep house planante
T0058	Adi Oasis	Le Départ	Soul · R&B & neo soul groovy
T0059	Adolescent's Orquesta	Virgen	Latino · Salsa & latin soul
T0060	Adoniran Barbosa	Saudosa Maloca	Brésil · MPB douce
T0061	Adrian Quesada	Primos	Folk · Folk acoustique & traditions
T0062	Adriatique	Deep In The Three	Électro · Deep house planante
T0063	ADTurnUp	ascension	Rap · US
T0064	Affonsinho	Aquela Bossa Axé	Brésil · Samba & groove
T0065	Afro Medusa	Pasilda	Électro · House
T0066	Afro Medusa	Pasilda (Knee Deep Mix)	Électro · House
T0067	Agoria	Scala	Électro · Deep house planante
T0068	Agoria	Singing [Dixon Dub] (feat. Scalde)	Électro · Deep house planante
T0069	Ahmed Fakroun	Falah	Funk · Funk arabe des années 70
T0070	Ahmed Fakroun	La ya hob	Funk · Funk arabe des années 70
T0071	Ahmed Fakroun	Nisyan	Funk · Funk arabe des années 70
T0072	Ahmed Malek	Bossa	Brésil · Bossa nova
T0073	Ahmed Malek	Thème Rythme Léger	Funk · Funk arabe des années 70
T0074	Ahmed Sirour	"Afro Blue" - Ahmed Sirour & Cleveland P. Jones (2013)	Jazz · Spiritual jazz
T0075	Ahmed Sirour	Sade - I Couldn't Love You More (Ahmed Sirour rework)	Électro · Deep house vocale
T0076	Ahmed Sirour	Sade - Kiss of Life (Ahmed Sirour rework) [Love Deluxe 30th Anniversary tribute]	Électro · Deep house vocale
T0077	Ahmed Sirour	"Sensitive" - feat. Cleveland P. Jones (music & production by Ahmed Sirour)	Soul · R&B & neo soul groovy
T0078	Air	La femme d'argent	Électro · Ambient & nappes
T0079	Air	New Star in the Sky	Électro · Downtempo chill
T0080	Air	Tropical Disease	Électro · Ambient & nappes
T0081	Airelle Besson	Valse sentimentale, Op. 51 No. 6	Jazz · Bop & cool nocturne
T0082	Ajna	Electrify	Électro · Techno percutante
T0083	Al Dobson Jr	Muscavado Sounds	Électro · Broken beat & nu jazz
T0084	Al Dobson Jr	Peru Timing	Électro · Broken beat & nu jazz
T0085	Al Dobson Jr	Xingu	Électro · Broken beat & nu jazz
T0086	Al Green	How Can You Mend a Broken Heart	Soul · Soul ballades
T0087	Al Green	Tired of Being Alone	Soul · Soul groovy
T0088	Al Nather	Mtaktak	Rap · Ailleurs
T0089	Al Zanders	Endcliffe Park	Électro · Deep house instrumentale
T0090	Alain Ho	All Those Frqs There	Électro · Deep house planante
T0091	Alain Ho	The French Theory	Électro · Deep house planante
T0092	Alain Ho	What We Had (feat. Zoé)	Électro · Deep house planante
T0093	Alain Planès	Le Fils des étoiles: Prélude du premier acte	Classique · Moderne contemplatif
T0094	Alan Hawkshaw	Mermaid	Électro · Ambient & nappes
T0095	Alan Sorrenti	Figli Delle Stelle	Pop · City pop & disco
T0096	Alastair Lane	Libertad	Électro · Nu-disco & synth
T0097	Alastair Lane	Roman d'Amour	Électro · Nu-disco & synth
T0098	Alastair Lane	Roman d'Amour (Midnight Version)	Électro · Deep house vocale
T0099	Alastair Lane	Rouge à lèvres	Électro · Deep house vocale
T0100	Albert King	Killing Floor	Rock · Blues qui groove
T0101	Aleksandir	Lowdown	Électro · Deep house instrumentale
T0102	Aleksi Perälä	UK74R1721031	Électro · Ambient & nappes
T0103	Alena Cherny	Gnossienne No. 1	Classique · Moderne contemplatif
T0104	Alex Rossi	Tutto va bene quando facciamo l'amore (feat. Jo Wedin)	Pop · City pop & disco
T0105	Alexandre Tharaud	Gnossienne No. 2	Classique · Moderne contemplatif
T0106	Alexandre Tharaud	Gnossienne No. 3	Classique · Moderne contemplatif
T0107	Alexandre WATELET - DJ TOBAGO	Masao Kusakari « The Theme » japanese disco-break	Funk · Funk, boogie & disco
T0108	Alexei Lubimov	Le Fils des Étoiles: Acte I: La Vocation	Classique · Moderne contemplatif
T0109	Alfonso Peduto	Binary Data IV	Classique · Moderne tendu
T0110	Alicia de Larrocha	Piano Sonata in F Major, R. 89	Classique · Baroque vif
T0111	Alina Simpson	what falling in love feels like | piano cover	Classique · Moderne contemplatif
T0112	Alina Yanovna	A Secret Within	Classique · Moderne contemplatif
T0113	Alison Limerick	Where Love Lives (Classic Club Mix - featured on the John Lewis Christmas Advert 2025)	Électro · House
T0114	Alix Perez	Cape Reinga	Électro · Breaks & drum'n'bass
T0115	Allies for Everyone	Allies Foot	Électro · Deep house planante
T0116	Almir Guinéto	Conselho	Brésil · Samba & groove
T0117	Alpha Tracks	Arise	Électro · Techno hypnotique
T0118	Alpha Tracks	Double Exposure	Électro · Breaks & drum'n'bass
T0119	Alpha Tracks	Elektra	Électro · Techno percutante
T0120	Alpha Tracks	Idomeneo	Électro · Techno percutante
T0121	Alpha Tracks	Mind Over Mayhem	Électro · Techno percutante
T0122	Alpha Wann	aaa	Rap · FR énergique
T0123	Alpha Wann	apdl	Rap · FR énergique
T0124	Alpha Wann	Barcelone	Rap · FR énergique
T0125	Alpha Wann	philly flingo	Rap · FR énergique
T0126	Alpha Wann	POUR CELLES	Rap · FR groovy
T0127	Alpha Wann	R5 et Murcielago	Rap · FR énergique
T0128	Alpha Wann	Saint-Domingue	Rap · FR groovy
T0129	Alpha Wann	UNE MAIN LAVE L'AUTRE	Rap · FR énergique
T0130	Altin Gün	Goca Dünya	Rock · Psyché & prog nerveux
T0131	Altinbas	Biosfera	Électro · Techno hypnotique
T0132	Altinbas	Radiance	Électro · Techno percutante
T0133	Altinbas	Reshape	Électro · Techno percutante
T0134	Altinbas	Sphære	Électro · Techno percutante
T0135	Alton Miller	Cool but so... (Chaos In The CDB Remix [Mixed])	Électro · Deep house planante
T0136	Amadou & Mariam	Je pense à toi	Afrique · Folk, blues & mandingue
T0137	Amadou & Mariam	Sabali	Pop · Indie & synth-pop dansante
T0138	Ambiance Skandal	Offishal	Rap · FR énergique
T0139	Aminition	Answerless Question	Électro · Deep house planante
T0140	AMK	Malya	Rap · FR introspectif
T0141	Amosdoll Music	HOW TO PLAY - Nintendo Wii - Mii Channel Theme (Piano Tutorial Lesson)	Jazz · Lounge & jazz d'ambiance
T0142	Amotik	Chihattar (feat. Tina Ramamurthy)	Électro · Techno hypnotique
T0143	Amy Winehouse	Addicted	Soul · Soul groovy
T0144	Amy Winehouse	Amy Amy Amy	Soul · R&B & neo soul groovy
T0145	Amy Winehouse	Back To Black	Soul · Soul ballades
T0146	Amy Winehouse	Fuck Me Pumps	Soul · Soul groovy
T0147	Amy Winehouse	He Can Only Hold Her	Soul · Soul groovy
T0148	Amy Winehouse	Just Friends	Caraïbes · Reggae, dub & dancehall
T0149	Amy Winehouse	Love Is A Losing Game	Soul · Soul ballades
T0150	Amy Winehouse	Me & Mr Jones	Soul · Soul groovy
T0151	Amy Winehouse	Rehab	Soul · Soul groovy
T0152	Amy Winehouse	Some Unholy War	Soul · Soul ballades
T0153	Amy Winehouse	Stronger Than Me	Soul · R&B & neo soul groovy
T0154	Amy Winehouse	Tears Dry On Their Own	Soul · Soul groovy
T0155	Amy Winehouse	The Girl From Ipanema	Brésil · Bossa nova
T0156	Amy Winehouse	Wake Up Alone	Soul · Soul ballades
T0157	Amy Winehouse	You Know I'm No Good	Soul · Soul groovy
T0158	Ana-Marija Markovina	Keyboard Sonata in A Major, Wq. 54/6, H. 207: I. Allegro di molto	Classique · Baroque vif
T0159	Ana Mazzotti	Acalanto	Brésil · MPB douce
T0160	Ana Mazzotti	Agora ou Nunca Mais	Jazz · Latin jazz
T0161	Ana Mazzotti	Bairro Negro	Brésil · Samba & groove
T0162	Ana Mazzotti	Canto de Meditação	Brésil · MPB douce
T0163	Ana Mazzotti	Cordão	Jazz · Latin jazz
T0164	Ana Mazzotti	De um Jeito Só	Brésil · Samba & groove
T0165	Ana Mazzotti	Eu Sou Mais Eu	Brésil · Samba & groove
T0166	Ana Mazzotti	Feel Like Making Love	Jazz · Latin jazz
T0167	Ana Mazzotti	Roda Mundo	Brésil · Samba & groove
T0168	Ana Mazzotti	Sou	Brésil · Samba & groove
T0169	Ananda Project	ICU (Extended Mix)	Électro · Deep house planante
T0170	&ME	Confusion (feat. Ali Love)	Électro · Deep house vocale
T0171	&ME	Confusion (Laolu Remix) (feat. Ali Love)	Électro · Deep house vocale
T0172	&ME	Discoteca (feat. Sofie)	Électro · Deep house vocale
T0173	&ME	Feeling (feat. RY X)	Électro · Deep house planante
T0174	&ME	Thandaza (feat. Arabic Piano)	Électro · Deep house planante
T0175	&ME	The Rapture Pt.III	Électro · Deep house planante
T0176	Anders Ponsaing	The Man with the Red Face (feat. Claus Højensgård)	Électro · Downtempo chill
T0177	Anderson .Paak	Good Heels (feat. Jazmine Sullivan)	Soul · R&B & neo soul groovy
T0178	András Schiff	Mozart: Fantasia in C Minor, K. 475: III. Andantino	Classique · Baroque lent
T0179	André Navarro II	HIROMASA SUZUKI - Gentle wave	Jazz · Fusion planante
T0180	André Navarro II	TAKE SIX - Patterns	Jazz · Smooth & groovy
T0181	André Navarro II	THE MONTCLAIRS - Ease the pain	Soul · Soul ballades
T0182	André Navarro II	WALT BARR - Mystery to me	Jazz · Jazz-funk & groove
T0183	André Rieu	Second Waltz	Classique · Romantique tendre
T0184	Andreas Staier	4 Ländler, D. 814	Classique · Romantique tendre
T0185	Andreas Staier	6 Grandes Marches in B Minor, D. 819, Op. 40: III. Allegretto	Classique · Romantique tendre
T0186	Andreas Staier	Fantasie in F Minor, D. 940, Op. 103: I. Allegro molto moderato	Classique · Romantique tendre
T0187	Andreas Staier	Fantasie in F Minor, D. 940, Op. 103: II. Largo	Classique · Romantique passionné
T0188	Andreas Staier	Fantasie in F Minor, D. 940, Op. 103: III. Allegro vivace - Con delicatezza	Classique · Romantique passionné
T0189	Andreas Staier	Fantasie in F Minor, D. 940, Op. 103: IV. Finale. Tempo primo	Classique · Romantique tendre
T0190	Andreas Staier	Marche Caractéristique in C Major, D. 886: I. Allegro Vivace	Classique · Romantique passionné
T0191	Andreas Staier	Polonaise in D Minor, D. 824, No. 1, Op. 61	Classique · Romantique tendre
T0192	Andreas Staier	Rondo in A Major, D. 951, Op. 107: Allegretto quasi andantino	Classique · Romantique tendre
T0193	Andreas Staier	Variations on an Original Theme in A-Flat Major, D. 813, Op. 35: I. Thema. Allegretto	Classique · Romantique tendre
T0194	Andreas Staier	Variations on an Original Theme in A-Flat Major, D. 813, Op. 35: II. Variation I	Classique · Romantique tendre
T0195	Andreas Staier	Variations on an Original Theme in A-Flat Major, D. 813, Op. 35: III. Variation II	Classique · Romantique passionné
T0196	Andreas Staier	Variations on an Original Theme in A-Flat Major, D. 813, Op. 35: IV. Variation III. Un poco piu lento	Classique · Romantique tendre
T0197	Andreas Staier	Variations on an Original Theme in A-Flat Major, D. 813, Op. 35: IX. Variation VIII. Finale. Allegro moderato	Classique · Romantique passionné
T0198	Andreas Staier	Variations on an Original Theme in A-Flat Major, D. 813, Op. 35: V. Variation IV. Tempo I	Classique · Romantique tendre
T0199	Andreas Staier	Variations on an Original Theme in A-Flat Major, D. 813, Op. 35: VI. Variation V	Classique · Romantique tendre
T0200	Andreas Staier	Variations on an Original Theme in A-Flat Major, D. 813, Op. 35: VII. Variation VI. Maestoso	Classique · Romantique passionné
T0201	Andreas Staier	Variations on an Original Theme in A-Flat Major, D. 813, Op. 35: VIII. Variation VII. Più lento	Classique · Romantique tendre
T0202	Andrew Ashong	Flowers	Soul · R&B & neo soul groovy
T0203	Andrew Ashong	Low Ceilings	Électro · Broken beat & nu jazz
T0204	Andy LaVerne	All Things Considered (feat. Alex Sipiagin, Mike Richmond & Jason Tiemann)	Jazz · Bop qui swingue
T0205	Ane Brun	Balloon Ranger (Clavis Remix)	Électro · Deep house planante
T0206	Anetha	05h33 (Adagio, Piano Sonata No. 14, "Moonlight") - Beethoven Remixed	Électro · Techno percutante
T0207	Angèle	Victime des réseaux	Pop · Indie & synth-pop dansante
T0208	Angie Stone	Wish I Didn't Miss You	Soul · R&B & neo soul groovy
T0209	Angie Stone	Wish I Didn't Miss You (Pound Boys Stoneface Bootleg Mix)	Électro · House
T0210	Angora	Enchantment	Électro · Deep house vocale
T0211	AngryParkRanger	Sweden	Classique · Moderne contemplatif
T0212	Anita Baker	Caught Up in the Rapture	Soul · R&B & neo soul posés
T0213	Anne Queffélec	Fantasia for Piano Four-Hands in F Minor, Op. Posth. 103, D. 940: I. Allegro molto moderato (feat. Imogen Cooper)	Classique · Romantique tendre
T0214	Anne Sylvestre	Les gens qui doutent	Pop · Variété française
T0215	Anri	Last Summer Whisper	Pop · City pop & disco
T0216	Antônio Carlos Jobim	A Felicidade	Brésil · Bossa nova
T0217	antraum	Mata (Edit)	Électro · Techno percutante
T0218	Apanhador Só	Linda, Louca e Livre (feat. Alexandre Kumpinski)	Pop · Indie & synth-pop douce
T0219	Archie Semple	I'm in the Market for You (feat. Fred Hunt & Dickie Hawdon)	Jazz · Swing & big band
T0220	Arctic Monkeys	505	Rock · Rock doux & mélancolique
T0221	Åre:gone	Above Us	Électro · Techno hypnotique
T0222	Åre:gone	Latin Lover	Électro · Techno percutante
T0223	Aretha Franklin	Day Dreaming	Soul · Soul ballades
T0224	Armando Trovajoli	Che Vuole Questa Musica Stasera	Pop · Ballades
T0225	Arpow	Event Horizon	Électro · Deep house planante
T0226	ARTE Concert	Sofiane Pamart au Piano Day - @arteconcert's Piano Day	Classique · Moderne contemplatif
T0227	Arthur Rubinstein	Nocturnes, Op. 55: No. 1 in F Minor	Classique · Romantique tendre
T0228	Arthur Verocai	A Outra (feat. Vinícius Cantuária)	Brésil · MPB douce
T0229	Arthur Verocai	Dedicada a ela	Brésil · MPB douce
T0230	Arthur Verocai	Velho parente	Brésil · Samba & groove
T0231	Arved Siara	1 Thing (Arved Siara Remix)	Électro · Deep house vocale
T0232	ASHE 22	Milli	Rap · FR énergique
T0233	Ashh	Motel	Rap · FR groovy
T0234	Ashley Anngora	Boys Are Sluts (Dunes of Dawn Remix) (feat. CHLO)	Électro · Techno percutante
T0235	Astre	Freedom (Jesse Jacob Remix)	Électro · House
T0236	Astrohertz	In My Soul (Extended Mix)	Électro · House
T0237	Astrud Gilberto	Água de Beber (feat. Antonio Carlos Jobim)	Brésil · Bossa nova
T0238	Ateyaba	Ateyaba	Rap · FR sombre
T0239	Ateyaba	Final Fantasy	Rap · FR sombre
T0240	Ateyaba	French Riviera (feat. Jhené Aiko)	Rap · FR groovy
T0241	Ateyaba	Jen Selter	Rap · FR introspectif
T0242	Ateyaba	Niamtougou (Outro)	Rap · FR introspectif
T0243	Ateyaba	Venus	Rap · FR posé
T0244	Athletic Progression	White Crayon	Jazz · Smooth & groovy
T0245	Aug 9, 2019	Super Focus: Flow State Music - Alpha Binaural Beats, Study Music for Focus and Concentration	Électro · Ambient & nappes
T0246	aupinard	jeu pour enfant	Brésil · Bossa nova
T0247	aupinard	penelope	Rap · FR introspectif
T0248	aupinard	quel type de vibe?	Rap · FR groovy
T0249	Austin Alford	Asleep in Space	Électro · Ambient & nappes
T0250	Austin Farwell	New Home (Piano & Cello)	Classique · Moderne contemplatif
T0251	Avner	Ma première composition - Moment Musical n°1 - Avner Piano	Classique · Moderne contemplatif
T0252	Axelle Red	Sensualité	Pop · Ballades
T0253	Ayo	Down On My Knees	Pop · Ballades
T0254	ayrtn	Alone	Rap · UK
T0255	Azùcar	Latin Blue	Latino · Salsa & latin soul
T0256	Azymuth	Duro de Roer	Jazz · Jazz-funk & groove
T0257	Azymuth	Estreito De Taruma	Jazz · Latin jazz
T0258	Azymuth	Morning	Jazz · Fusion planante
T0259	Azymuth	Pra Zé	Jazz · Jazz-funk & groove
T0260	Azymuth	Seems Like This	Jazz · Fusion planante
T0261	Azymuth	Villa Mariana (De Tarde)	Jazz · Jazz-funk & groove
T0262	Azymuth	Vôo sobre o horizonte	Jazz · Fusion planante
T0263	Azymuth	Zé e Paraná	Jazz · Jazz-funk & groove
T0264	B.B. Jacques	Bérénice	Rap · FR introspectif
T0265	B.B. Jacques	Bleu Cristal	Rap · FR sombre
T0266	B.B. Jacques	Déchirée	Rap · FR sombre
T0267	B.B. Jacques	En deuil	Rap · FR introspectif
T0268	B.B. Jacques	En écoutant du Brahms	Rap · FR introspectif
T0269	B.B. Jacques	HARMONIE	Rap · FR introspectif
T0270	B.B. Jacques	INTÉRIEUR SCANDINAVE	Rap · FR posé
T0271	B.B. Jacques	INTERLUDE	Rap · FR groovy
T0272	B.B. Jacques	Mégot sur trottoir	Rap · FR introspectif
T0273	B.B. Jacques	Odyssée	Rap · FR sombre
T0274	B.B. Jacques	Opium	Rap · FR introspectif
T0275	B.B. Jacques	PARDON	Rap · FR introspectif
T0276	B.B. Jacques	ZANDVOORT PALACE	Rap · FR introspectif
T0277	Baba Ali	Cog in the Wheel	Électro · Downtempo chill
T0278	Baby Dave	Don't Ever Change	Pop · Indie & synth-pop dansante
T0279	Baby do Brasil	A Menina Dança	Brésil · Samba & groove
T0280	Backdoor Music	Locky, Aladdin   Locky | Move Around Aladdin remix outright012	Électro · Deep house vocale
T0281	Bad Channel	B	Électro · Techno hypnotique
T0282	Baden Powell	Consolação	Brésil · Samba & groove
T0283	Bajm	Nie ma wody na pustyni	Pop · Indie & synth-pop dansante
T0284	Bakar	Hell N Back	Pop · Indie & synth-pop douce
T0285	Bakermat	Bye Bye	Électro · House
T0286	Bala Desejo	Lua Comanche	Brésil · MPB douce
T0287	Banda Black Rio	Chega Mais (Imaginei Você Dançando)	Brésil · Samba & groove
T0288	Banda Black Rio	Louis Lane (feat. Seu Jorge & Mano Brown)	Funk · Funk, boogie & disco
T0289	Banda Black Rio	Mistérios Da Raça	Funk · Funk, boogie & disco
T0290	Banda Black Rio	Na baixa do sapateiro	Jazz · Jazz-funk & groove
T0291	Bantu Clan	Africa Ni Leo (Esa Extended Mix)	Électro · House
T0292	Bar-Kays	Fightin' Fire With Fire	Funk · Funk, boogie & disco
T0293	Barney Artist	I'm Going to Tell You (feat. Jordan Rakei)	Rap · UK
T0294	Barney Kessel	A Foggy Day	Jazz · Bop qui swingue
T0295	Barry White	Never, Never Gonna Give Ya Up	Soul · Soul groovy
T0296	Barry White	Playing Your Game, Baby	Soul · Soul groovy
T0297	Barry White	You're The First, The Last, My Everything	Funk · Funk, boogie & disco
T0298	Barry White	You're The First, The Last, My Everything (Edit)	Funk · Funk, boogie & disco
T0299	Barry White	You're The One I Need	Funk · Funk, boogie & disco
T0300	Barry White	Your Love -- So Good I Can Taste It	Funk · Funk, boogie & disco
T0301	Bassmental	2 Daye Revisit	Électro · Deep house planante
T0302	Bassmental	Just Wanna Be With U (King Street Mentality Club) (feat. Charles McDougald)	Électro · Deep house vocale
T0303	bassnbeats	Black Jazz Consortium - Believe	Électro · Deep house planante
T0304	Bb trickz	Super	Rap · Ailleurs
T0305	Beautiful Chorus	Pachamama (BC Version)	Folk · Folk acoustique & traditions
T0306	Bedouin Burger	Ya Habibi Taala	Orient · Pop arabe
T0307	Bekar	5.9.3	Rap · FR sombre
T0308	Belga	Borda da Linha	Brésil · MPB douce
T0309	Bella Boo	Boyboy	Électro · Deep house planante
T0310	Bellaire	Brasil	Électro · House
T0311	Ben Böhmer	Begin Again	Électro · Techno hypnotique
T0312	Ben Hauke	I Kinda Missed It (feat. Joe Armon Jones)	Électro · Deep house instrumentale
T0313	Ben Hauke	Installs	Électro · Deep house instrumentale
T0314	Ben Hauke	Nightwork (feat. Joe Armon-Jones)	Électro · Deep house instrumentale
T0315	Ben Hauke	The Way They Rep	Électro · Deep house instrumentale
T0316	Ben Klock	Subzero	Électro · Techno percutante
T0317	Benab	La night	Rap · FR introspectif
T0318	Benjamin Grosvenor	Chopin: Nocturne No. 19 in E Minor, Op. 72 No. 1	Classique · Romantique tendre
T0319	Benny Sings	Sunny Afternoon	Pop · Indie & synth-pop douce
T0320	Beny Jr	Mariachi	Rap · Ailleurs
T0321	Berliner Philharmoniker	Tchaikovsky: 大序曲《1812年》 作品49 - Tchaikovsky: 1812 Overture, Op. 49, TH 49	Classique · Romantique passionné
T0322	berlioz	deep in it	Électro · Deep house instrumentale
T0323	berlioz	jazz is for ordinary people	Électro · Deep house instrumentale
T0324	berlioz	miro (feat. Ted Jasper)	Électro · Deep house instrumentale
T0325	berlioz	ode to rahsaan	Électro · Deep house instrumentale
T0326	Bïa	Beijo	Brésil · Bossa nova
T0327	Bianca Costa	Belle âme	Pop · Indie & synth-pop douce
T0328	BiD	E Depois (feat. Seu Jorge)	Brésil · Samba & groove
T0329	Bill Withers	Ain't No Sunshine	Soul · Soul ballades
T0330	Bill Withers	Can We Pretend	Soul · Soul ballades
T0331	Bill Withers	Lovely Day	Soul · Soul groovy
T0332	Bill Withers	The Same Love That Made Me Laugh	Soul · Soul groovy
T0333	Billie Eilish	Not My Responsibility	Pop · Indie & synth-pop douce
T0334	Billie Holiday	All of Me	Jazz · Swing & big band
T0335	Billie Holiday	Blue Moon	Jazz · Vocal & ballades
T0336	Billie Holiday	Solitude	Jazz · Vocal & ballades
T0337	Billie Holiday & Her Orchestra	All Of Me (take 3)	Jazz · Swing & big band
T0338	Billy Cobham	Heather	Jazz · Fusion planante
T0339	Billy Paul	Your Song	Soul · Soul ballades
T0340	Black Coffee	Superman	Électro · Deep house planante
T0341	Black Jazz Consortium	Blessings	Électro · Deep house planante
T0342	Black Jazz Consortium	Groove Meditation	Électro · Deep house planante
T0343	Black Jazz Consortium	Melody of Key	Électro · Deep house planante
T0344	Black Jazz Consortium	Something Old	Électro · Deep house planante
T0345	Black Jazz Consortium	What's Up With the Love	Électro · Deep house instrumentale
T0346	Black Jazz Consortium feat. Bruno Elisabetsky	Sacred Sun	Électro · Deep house planante
T0347	Black Jazz Consortium feat. Ceri B	Energies Collide	Électro · Deep house planante
T0348	Black Jazz Consortium feat. Minako	Free Your Mind	Électro · Deep house vocale
T0349	Black Jazz Consortium feat. Reno Ka	Focus	Électro · Deep house planante
T0350	Blacksheep Shelter Thessaly	The Ghetto, Laroye Rework ( Extended mix )	Électro · Deep house vocale
T0351	Blaze	Lovelee Dae (Radio Edit)	Électro · Deep house vocale
T0352	Blick Bassy	Aké	Afrique · Folk, blues & mandingue
T0353	Blick Bassy	Woñi	Afrique · Folk, blues & mandingue
T0354	Blood Orange	Champagne Coast	Pop · Indie & synth-pop douce
T0355	Blossom Dearie	Try Your Wings	Jazz · Vocal & ballades
T0356	Blue 6	Pure [Jay's Original Vocal] (feat. Monique Bingham)	Électro · Deep house vocale
T0357	Blue Six	All I Need	Électro · Deep house planante
T0358	Blue Six	Beautiful Tomorrow	Électro · Deep house planante
T0359	Blue Six	Close To Home	Électro · Deep house planante
T0360	Blue Six	Come Inside	Électro · Deep house vocale
T0361	Blue Six	Grace (Freedom Dub)	Électro · Deep house vocale
T0362	Blue Six	Let's Do It Together	Électro · Deep house vocale
T0363	Blue Six	Love Yourself	Électro · Deep house planante
T0364	Blue Six	Music And Wine	Électro · Downtempo chill
T0365	Blue Six	Music And Wine (Funkaphonic Radio Edit)	Électro · Deep house vocale
T0366	Blue Six	Music And Wine (Teksoul Dub)	Électro · Deep house vocale
T0367	Blue Six	Pure	Électro · Deep house planante
T0368	Blue Six	Pure (Jay's Nitelife Dub)	Électro · Deep house instrumentale
T0369	Blue Six	Sweeter Love	Électro · Deep house vocale
T0370	Blue Six	Very Good Friends	Électro · Deep house vocale
T0371	Blue Six	Yeah	Électro · Deep house instrumentale
T0372	Blue Six	You Play Too Rough	Électro · Downtempo chill
T0373	Bluestaeb	MOVIN'	Rap · Ailleurs
T0374	Bluestaeb, Mick Jenkins, & Aréna	MOVIN'	Rap · Ailleurs
T0375	Bob Marley	Redemption Song	Folk · Folk acoustique & traditions
T0376	Bob Marley & The Wailers	Jamming	Caraïbes · Reggae, dub & dancehall
T0377	Bobbi Humphrey	The Trip	Jazz · Jazz-funk & groove
T0378	Bobby Caldwell	What You Won't Do for Love	Soul · Soul groovy
T0379	Bobby Hebb	Sunny	Soul · Soul groovy
T0380	Bobby Hutcherson	Stardust	Jazz · Vocal & ballades
T0381	Boiler Room	Folamour | Boiler Room x Sugar Mountain 2024	Électro · House
T0382	Boiler Room	Laurent Garnier | Boiler Room x Dekmantel Festival: Amsterdam	Électro · Techno percutante
T0383	Boiler Room	Maâlem Mahmoud Guinia Boiler Room Marrakech Live Performance	Maghreb · Gnawa
T0384	Boldy James	300 Fences	Rap · US
T0385	Boldy James	Bumps and Bruises	Rap · US
T0386	Boldy James	Francois	Rap · US
T0387	Boldy James	Great Adventures	Rap · US
T0388	Boldy James	Guilt	Rap · US
T0389	Boldy James	Hot Water Tank	Rap · US
T0390	Boldy James	Level Tipping Scales	Rap · US
T0391	Boldy James	Moth In The Flame	Rap · US
T0392	Boldy James	No Laughing Matter	Rap · US
T0393	Bonga	Mona Ki Ngi Xica	Afrique · Folk, blues & mandingue
T0394	Booba	92i veyron	Rap · FR sombre
T0395	Booba	DKR	Rap · FR sombre
T0396	Booba	Pitbull	Rap · FR sombre
T0397	Book Club Radio	Disco & House Classics Mix in New York | Bridge	Électro · House
T0398	Book Club Radio	Groovy Disco and R&B Mix at a New York Basement Party | Tinzo	Funk · Funk, boogie & disco
T0399	Boopala Rajendran	Interstellar_HANS ZIMMER (RELAXING MUSIC FOR WORKING )	Classique · Moderne contemplatif
T0400	Box of Music	Interstellar Main Theme	Classique · Moderne contemplatif
T0401	Bratisla Boys	Stach Stach	Pop · Pop rock & pop dansante
T0402	Breakbot	Baby I'm Yours (feat. Irfane)	Électro · Nu-disco & synth
T0403	Breakfast TILT	BREAKFAST || Morning Vinyl House Mix con Etta!	Électro · House
T0404	Breakfast TILT	BREAKFAST ||  Morning Vinyl House Mix con Loïc B2B Pato Mallet	Électro · House
T0405	Breakout	Kiedy byłem małym chłopcem	Rock · Blues mélancolique
T0406	Bremer/McCoy	Fortæl Os Om Begyndelsen	Jazz · Lounge & jazz d'ambiance
T0407	Brent Faiyaz	JACKIE BROWN	Soul · R&B & neo soul posés
T0408	Brenton Wood	Great Big Bundle Of Love	Soul · Soul groovy
T0409	Brigitte	Battez-vous	Pop · Variété française
T0410	Brigitte	Ma Benz	Pop · Ballades
T0411	Brigitte Bardot	Dis-Moi Quelque Chose De Gentil (Version Chantee)	Pop · Variété française
T0412	Brigitte Engerer	Nocturne in C-Sharp Minor, B. 49	Classique · Romantique tendre
T0413	Brylho	Se você for a salvador	Funk · Funk, boogie & disco
T0414	Budapest Strings	String Quintet in E Major, Op. 11, No. 5, G. 275: III. Minuetto	Classique · Baroque lent
T0415	Buddha Bar	Yuregine Deprem	Électro · Downtempo chill
T0416	Buddy Miles	Down By The River	Rock · Blues qui groove
T0417	Burna Boy	Gbona	Afrique · Afrobeats & amapiano
T0418	Burnt Friedman	The Sticks	Électro · Expérimental & IDM
T0419	Busta Rhymes	I Know What You Want (feat. Flipmode Squad)	Rap · US
T0420	Butch	Just Chill	Électro · Deep house instrumentale
T0421	Byron the Aquarius	Dr. Gizmo (Detroit Mix)	Électro · Deep house instrumentale
T0422	Byron the Aquarius	Fallenquas	Électro · Deep house instrumentale
T0423	C. Robert Walker	Who Am I (Love Soul Remix) (feat. Athenai)	Électro · Deep house vocale
T0424	C. Tangana	Los Tontos (Live at NPR's Tiny Desk)	Folk · Flamenco & tsigane
T0425	C. Tangana	Un Veneno	Latino · Boléro, tango & ballades
T0426	C418	Aria Math	Électro · Ambient & nappes
T0427	CA7RIEL & Paco Amoroso	Ca7riel & Paco Amoroso: Tiny Desk Concert	Funk · Funk, boogie & disco
T0428	Caballero	Pas de refrain	Rap · FR énergique
T0429	Cal Harris Jr.	Airborne	Jazz · Smooth & groovy
T0430	Cam'Ron	Hey Ma (feat. Juelz Santana, Freekey Zeekey & Toya)	Rap · US
T0431	Cameo	Candy	Funk · Funk, boogie & disco
T0432	Camilo	La Mitad	Latino · Boléro, tango & ballades
T0433	Candido	Thousand Finger Man	Latino · Salsa & latin soul
T0434	Canned Heat	Going Up The Country	Rock · Blues qui groove
T0435	Captain Planet	Moqueca	Brésil · Samba & groove
T0436	Captain Sky	Hero (12" Mix)	Funk · Funk, boogie & disco
T0437	Captain Sky	Moon Child (The Re-Entry) (Terry Hunter Beats, Bass, Capella Mix)	Électro · House
T0438	Captain Sky	Moonchild (Peter Lewicki Disco Mix)	Funk · Funk, boogie & disco
T0439	Carlyle Fraser	Rattlin' Bog	Folk · Folk acoustique & traditions
T0440	Carolina Eyck	Ennio Morricone - The Ecstasy of Gold - Theremin & Voice	Classique · Moderne contemplatif
T0441	Carpe	silly cat	Pop · City pop & disco
T0442	Carrion	True Love	Rap · Ailleurs
T0443	Carthago	Alech	Funk · Funk arabe des années 70
T0444	Carthago	Hanen	Funk · Funk arabe des années 70
T0445	Cartola	Acontece	Brésil · MPB douce
T0446	CASIOPEA	スペース・ロード - Space Road	Jazz · Fusion énergique
T0447	CASIOPEA	ティアーズ・オブ・ザ・スター - Tears Of The Star	Jazz · Fusion planante
T0448	Cassiano	Onda	Soul · Soul groovy
T0449	Cassius	Cassius 1999 (Radio Edit)	Électro · House
T0450	Cassius	Go Up (feat. Cat Power & Pharrell Williams) [Butch Remix] (feat. Cat Power & Pharrell Williams)	Électro · Techno percutante
T0451	Cataract	Wiretap	Électro · Deep house planante
T0452	Cateen かてぃん	重大発表	(aucune)
T0453	Catherine Gordeladze	24 Preludes, Op. 53: Prelude No. 1 in C Major	Classique · Moderne tendu
T0454	Catherine Gordeladze	24 Preludes, Op. 53: Prelude No. 10 in C-Sharp Minor	Classique · Moderne tendu
T0455	Catherine Gordeladze	24 Preludes, Op. 53: Prelude No. 11 in B Major	Classique · Moderne tendu
T0456	Catherine Gordeladze	24 Preludes, Op. 53: Prelude No. 12 in G-Sharp Minor	Classique · Moderne tendu
T0457	Catherine Gordeladze	24 Preludes, Op. 53: Prelude No. 13 in G-Flat Major	Classique · Moderne tendu
T0458	Catherine Gordeladze	24 Preludes, Op. 53: Prelude No. 14 in E-Flat Minor	Classique · Moderne tendu
T0459	Catherine Gordeladze	24 Preludes, Op. 53: Prelude No. 15 in D-Flat Major	Classique · Moderne tendu
T0460	Catherine Gordeladze	24 Preludes, Op. 53: Prelude No. 16 in B-Flat Minor	Classique · Moderne tendu
T0461	Catherine Gordeladze	24 Preludes, Op. 53: Prelude No. 17 in A-Flat Major	Classique · Moderne tendu
T0462	Catherine Gordeladze	24 Preludes, Op. 53: Prelude No. 18 in F Minor	Classique · Moderne tendu
T0463	Catherine Gordeladze	24 Preludes, Op. 53: Prelude No. 19 in E-Flat Major	Classique · Moderne tendu
T0464	Catherine Gordeladze	24 Preludes, Op. 53: Prelude No. 2 in A Minor	Classique · Moderne tendu
T0465	Catherine Gordeladze	24 Preludes, Op. 53: Prelude No. 20 in C Minor	Classique · Moderne tendu
T0466	Catherine Gordeladze	24 Preludes, Op. 53: Prelude No. 21 in B-Flat Major	Classique · Moderne tendu
T0467	Catherine Gordeladze	24 Preludes, Op. 53: Prelude No. 22 in G Minor	Classique · Moderne tendu
T0468	Catherine Gordeladze	24 Preludes, Op. 53: Prelude No. 23 in F Major	Classique · Moderne tendu
T0469	Catherine Gordeladze	24 Preludes, Op. 53: Prelude No. 24 in D Minor	Classique · Moderne tendu
T0470	Catherine Gordeladze	24 Preludes, Op. 53: Prelude No. 3 in G Major	Classique · Moderne tendu
T0471	Catherine Gordeladze	24 Preludes, Op. 53: Prelude No. 4 in E Minor	Classique · Moderne contemplatif
T0472	Catherine Gordeladze	24 Preludes, Op. 53: Prelude No. 5 in D Major	Classique · Moderne tendu
T0473	Catherine Gordeladze	24 Preludes, Op. 53: Prelude No. 6 in B Minor	Classique · Moderne tendu
T0474	Catherine Gordeladze	24 Preludes, Op. 53: Prelude No. 7 in A Major	Classique · Moderne tendu
T0475	Catherine Gordeladze	24 Preludes, Op. 53: Prelude No. 8 in F-Sharp Minor	Classique · Moderne tendu
T0476	Catherine Gordeladze	24 Preludes, Op. 53: Prelude No. 9 in E Major	Classique · Moderne tendu
T0477	Catherine Gordeladze	8 Concert Etudes, Op. 40: No. 1. Prelude	Classique · Moderne tendu
T0478	Catherine Gordeladze	8 Concert Etudes, Op. 40: No. 2. Reverie	Classique · Moderne contemplatif
T0479	Catherine Gordeladze	8 Concert Etudes, Op. 40: No. 3. Toccatina	Classique · Moderne tendu
T0480	Catherine Gordeladze	8 Concert Etudes, Op. 40: No. 4. Reminiscence	Classique · Moderne contemplatif
T0481	Catherine Gordeladze	8 Concert Etudes, Op. 40: No. 5. Shuitka (Raillery)	Classique · Moderne tendu
T0482	Catherine Gordeladze	8 Concert Etudes, Op. 40: No. 6. Pastoral	Classique · Moderne contemplatif
T0483	Catherine Gordeladze	8 Concert Etudes, Op. 40: No. 7. Intermezzo	Classique · Moderne tendu
T0484	Catherine Gordeladze	8 Concert Etudes, Op. 40: No. 8. Finale	Classique · Moderne tendu
T0485	ccato	there is a woman in somalia	Électro · Downtempo chill
T0486	Celeste	Both Sides Of The Moon	Soul · Soul ballades
T0487	Central Line	Walking Into Sunshine (Original Larry Levan 12" Mix)	Funk · Funk, boogie & disco
T0488	Cercle	Christian Löffler live @ Fontaine de Vaucluse in France for Cercle	Électro · Ambient & nappes
T0489	Cesar B.	Morning	Électro · Downtempo chill
T0490	Cesar Camargo Mariano	Estação do Norte	Jazz · Jazz-funk & groove
T0491	Cesar Camargo Mariano	Fábrica	Jazz · Latin jazz
T0492	Cesar Camargo Mariano	Futebol de Bar	Jazz · Latin jazz
T0493	Cesar Camargo Mariano	Imigrantes	Jazz · Fusion énergique
T0494	Cesar Camargo Mariano	Litoral	Jazz · Jazz-funk & groove
T0495	Cesar Camargo Mariano	Metrô	Jazz · Jazz-funk & groove
T0496	Cesar Camargo Mariano	Metrópole	Jazz · Jazz-funk & groove
T0497	Cesar Camargo Mariano	Poluição	Jazz · Jazz-funk & groove
T0498	Cesária Evora	Petit pays	Afrique · Folk, blues & mandingue
T0499	Céu	Sobre O Amor E Seu Trabalho Silencioso	Brésil · MPB douce
T0500	CHAAMA	Munajat	Orient · Fairouz, tarab & chanson
T0501	Chab	You And Me (Original Mix - Remastered)	Électro · House
T0502	Chagrin d'amour	Chacun Fait (C'Qui Lui Plait)	Pop · Indie & synth-pop dansante
T0503	Chagrin d'Amour	Chacun fait (C'qui lui plait) (Domenico Torti's Disco Vision)	Électro · Nu-disco & synth
T0504	Chaim	Your Mulana (Trikk Numero Fim Dub)	Électro · Deep house planante
T0505	Chaka Khan	Fate	Funk · Funk, boogie & disco
T0506	Chandeen	Le Temps Perdu	Électro · Ambient & nappes
T0507	Channel Tres	Just Can't Get Enough	Électro · House
T0508	Channel Tres	Topdown	Électro · House
T0509	Chaos In the CBD	78 To Stanley Bay	Électro · Deep house instrumentale
T0510	Chaos In the CBD	Accidental Meetings	Électro · Deep house instrumentale
T0511	Chaos In the CBD	Emotional Intelligence (feat. Nathan Haines & Dave Koor)	Électro · Deep house vocale
T0512	Chaos In the CBD	Global Erosion (feat. Isaac Aesili)	Électro · Deep house instrumentale
T0513	Chaos In The CBD	Higher Elevation	Électro · Deep house instrumentale
T0514	Chaos In The CBD	It's up to Me (feat. K LaDawn & Joe Armon-Jones)	Électro · Deep house vocale
T0515	Chaos In The CBD	It's up to Me [Instrumental] (feat. K LaDawn & Joe Armon-Jones)	Électro · Deep house instrumentale
T0516	Chaos In the CBD	Luxury Motivation	Électro · Deep house instrumentale
T0517	Chaos In the CBD	Midnight in Peckham	Électro · Deep house instrumentale
T0518	Chaos In the CBD	Observe	Électro · Deep house instrumentale
T0519	Chaos In the CBD	Phantom Melodies	Électro · Deep house planante
T0520	Chaos In the CBD	Significant Others	Électro · Deep house instrumentale
T0521	Chaos In the CBD	Trust Is Key	Électro · Deep house instrumentale
T0522	Charanjit Singh	Raga Bhairav	Électro · Techno hypnotique
T0523	Charles Aznavour	For Me... Formidable	Pop · Variété française
T0524	Charles Aznavour	Je m'voyais déjà	Pop · Variété française
T0525	Charles Aznavour	Les deux guitares	Pop · Variété française
T0526	Charles Aznavour	Qui ?	Pop · Variété française
T0527	Charles Trenet	Que reste-t-il de nos amours ? (Remasterisé en 2017)	Pop · Variété française
T0528	Charlie Jeer	Her Eyes	Électro · Deep house vocale
T0529	Charlie Parker	Confirmation	Jazz · Bop qui swingue
T0530	Chassol	Apes Kidz	Jazz · Contemporain
T0531	Chassol	Birds, Pt. I	Jazz · Contemporain
T0532	Chassol	Birds, Pt. II	Jazz · Contemporain
T0533	Chassol	Bwa brilé (Alix & Lisa)	Jazz · Contemporain
T0534	Chassol	Carnaval, Pt. I (People)	Jazz · Contemporain
T0535	Chassol	Carnaval, Pt. II (Motor & Vuvuzuela)	Jazz · Contemporain
T0536	Chassol	Carnaval, Pt. III (Percussions harmoniques)	Jazz · Contemporain
T0537	Chassol	Carnaval, Pt. IV (Keupons)	Jazz · Contemporain
T0538	Chassol	Din a Din	Jazz · Contemporain
T0539	Chassol	Dominos, Pt. II	Jazz · Contemporain
T0540	Chassol	Dominos, Pt. III	Jazz · Contemporain
T0541	Chassol	Dosidomifa, Pt. I	Jazz · Contemporain
T0542	Chassol	Dosidomifa, Pt. II	Jazz · Contemporain
T0543	Chassol	Est-ce ou songé (Petit soleil)	Jazz · Contemporain
T0544	Chassol	Fiddler in the Street	Jazz · Contemporain
T0545	Chassol	Ganga	Jazz · Contemporain
T0546	Chassol	Générique	Jazz · Contemporain
T0547	Chassol	Générique Big Sun	Jazz · Contemporain
T0548	Chassol	Haré Rama, Haré Krishna	Jazz · Contemporain
T0549	Chassol	I figli morti	Jazz · Contemporain
T0550	Chassol	La route de la Trace	Jazz · Contemporain
T0551	Chassol	Les masques (Joby)	Jazz · Contemporain
T0552	Chassol	Little Krishna & The Girls	Jazz · Contemporain
T0553	Chassol	Madame Etienne Lise	Jazz · Contemporain
T0554	Chassol	Mario, Pt. I	Jazz · Contemporain
T0555	Chassol	Mario, Pt. II	Jazz · Contemporain
T0556	Chassol	Music Is God My Love	Jazz · Contemporain
T0557	Chassol	Odissi, Pt. I (Making-up)	Jazz · Contemporain
T0558	Chassol	Odissi, Pt. II (Émotif)	Jazz · Contemporain
T0559	Chassol	Odissi, Pt. III (Farewell)	Jazz · Contemporain
T0560	Chassol	Organe phonatoire	Jazz · Contemporain
T0561	Chassol	Our Father	Jazz · Contemporain
T0562	Chassol	Pipornithology, Pt. 2	Jazz · Contemporain
T0563	Chassol	Pipornithology, Pt. I	Jazz · Contemporain
T0564	Chassol	Reich & Darwin	Jazz · Contemporain
T0565	Chassol	River Song	Jazz · Contemporain
T0566	Chassol	Samak	Jazz · Contemporain
T0567	Chassol	Showing My Friends	Jazz · Contemporain
T0568	Chassol	Sissido	Jazz · Contemporain
T0569	Chassol	The Big Sun (Introïde)	Jazz · Contemporain
T0570	Chassol	Tuntun	Jazz · Contemporain
T0571	Chassol	Two Lines	Jazz · Contemporain
T0572	Chassol	Ultrathéka No. 1, Pt. I	Jazz · Contemporain
T0573	Chassol	Ultrathéka No. 1, Pt. II	Jazz · Contemporain
T0574	Chassol	Ultrathéka No. 2	Jazz · Contemporain
T0575	Chassol	XIXth Century	Jazz · Contemporain
T0576	Cheb	H'mmam Zaligin	Maghreb · Raï & chaâbi
T0577	Cheb	دوار العالم الثالث	Maghreb · Raï & chaâbi
T0578	Cheb	كوتوكوتو	Maghreb · Raï & chaâbi
T0579	CHEIKHA RIMITTI	NOUAR	Maghreb · Raï & chaâbi
T0580	Chet Baker	Alone Together (Mono)	Jazz · Bop & cool nocturne
T0581	Chet Baker	Autumn Leaves	Jazz · Bop qui swingue
T0582	Chet Baker	I Fall In Love Too Easily	Jazz · Bop & cool nocturne
T0583	Chet Baker	You And The Night And The Music	Jazz · Bop & cool nocturne
T0584	Chez Damier	Close (Radio Edit)	Électro · Deep house instrumentale
T0585	Chez Damier feat. Ron Trent	Foot Therapy	Électro · Deep house instrumentale
T0586	Chez Damier feat. Ron Trent	Morning Factory	Électro · Deep house planante
T0587	Chez Damier feat. Ron Trent	Sometimes I Feel Like	Électro · Deep house instrumentale
T0588	Chez Damier feat. Ron Trent	The Choice	Électro · Deep house instrumentale
T0589	Chez Damier feat. Ron Trent	The Meaning	Électro · Deep house instrumentale
T0590	CHIC	I Want Your Love (Dimitri From Paris Remix)	Funk · Funk, boogie & disco
T0591	Chic	Le Freak	Funk · Funk, boogie & disco
T0592	Chic	Open Up	Funk · Funk, boogie & disco
T0593	Chic	São Paulo	Funk · Funk, boogie & disco
T0594	Chic	Savoir Faire	Funk · Funk, boogie & disco
T0595	Chic	Soup for One	Funk · Funk, boogie & disco
T0596	Chicago	If You Leave Me Now	Pop · Ballades
T0597	Chick Corea	Chopin: Prelude Op. 28 #4 (Live in Paris / 2018)	Jazz · Bop & cool nocturne
T0598	Chick Corea	Crystal Silence	Jazz · Lounge & jazz d'ambiance
T0599	Chico Buarque	Gente Humilde	Brésil · MPB douce
T0600	Chico Buarque	Valsinha	Brésil · MPB douce
T0601	Childish Gambino	Redbone	Soul · Soul groovy
T0602	Chill Bump	Four	Rap · FR énergique
T0603	Chilly Gonzales	10:37 She's So Lovely Medley	Classique · Moderne contemplatif
T0604	Chilly Gonzales	Chico	Classique · Moderne contemplatif
T0605	Chilly Gonzales	Daft Punk Medley	Classique · Moderne contemplatif
T0606	Chilly Gonzales	Damage In Your Heart (Chilly Gonzales Version)	Classique · Moderne contemplatif
T0607	Chilly Gonzales	Drake Medley	Classique · Moderne contemplatif
T0608	Chilly Gonzales	Gogol	Classique · Moderne contemplatif
T0609	Chilly Gonzales	Lana Del Rey Medley	Classique · Moderne contemplatif
T0610	Chilly Gonzales	Manifesto	Classique · Moderne contemplatif
T0611	Chilly Gonzales	Old Money (Chilly Gonzales Version)	Classique · Moderne contemplatif
T0612	Chilly Gonzales	Prelude In C Sharp Major	Classique · Moderne contemplatif
T0613	Chilly Gonzales	Rap Piano Medley	Classique · Moderne contemplatif
T0614	Chilly Gonzales	Something About Us (Chilly Gonzales Version)	Classique · Moderne contemplatif
T0615	Chilly Gonzales	Take Care Medley	Classique · Moderne contemplatif
T0616	Chilly Gonzales	The Traveller (Chilly Gonzales version)	Classique · Moderne contemplatif
T0617	Chilly Gonzales	Weezer Medley	Classique · Moderne contemplatif
T0618	Chino Pacas	Yo Preferí Chambear	Latino · Reggaeton, cumbia & corridos
T0619	Chopin University Press	Mazurka	Classique · Moderne contemplatif
T0620	Chow-Chow	Ma copine	Rap · FR énergique
T0621	Chris Element	Eight 88 (Extended Mix)	Électro · Techno percutante
T0622	Chris Luno	calming house mix	Électro · Deep house planante
T0623	Chris Luno	Calmy	Électro · Deep house planante
T0624	Chris Luno	golf car house mix	Électro · Deep house instrumentale
T0625	Chris Luno	highway house mix	Électro · Deep house instrumentale
T0626	Chris Luno	wavey vinyl house mix	Électro · House
T0627	Chris Rainbow	Be Like a Woman	Rock · Yacht rock
T0628	Chris Sedayao	Old School Deep House Mix (1993-2005)	Électro · Deep house instrumentale
T0629	CHRIS STASSY	Seeing & Believing (Kolter Remix)	Électro · Deep house instrumentale
T0630	Christian Kohn	III. Un poco allegretto	Classique · Romantique tendre
T0631	Christophe Lartilleux	Les deux guitares / Les yeux noirs	Folk · Flamenco & tsigane
T0632	Christy Essien Igbokwe	You Can't Change a Man	Funk · Funk, boogie & disco
T0633	Chromeo	Right Back Home to You (Interlude)	Électro · Nu-disco & synth
T0634	Cielbleu	APPART SALE	Rap · FR introspectif
T0635	Cielbleu	FLEURS ET DOLIPRANES	Rap · FR introspectif
T0636	Cigarettes After Sex	Cry	Pop · Indie & synth-pop douce
T0637	Cigarettes After Sex	K.	Pop · Indie & synth-pop douce
T0638	Cinémavore	Interstellar Main Theme - Extra Extended - Soundtrack by  Hans Zimmer	Classique · Moderne contemplatif
T0639	Circulation	Scarlet (Mix 2)	Électro · Techno hypnotique
T0640	CJ Bolland	Camargue	Électro · Techno hypnotique
T0641	CKay	love nwantiti [North African Remix] (feat. ElGrande Toto)	Afrique · Afrobeats & amapiano
T0642	Claptone	No Eyes (Radio Edit) (feat. Jaw)	Électro · Deep house vocale
T0643	Clara Valverde	samba do moço bonito	Brésil · MPB douce
T0644	Claudio Ricci	The Love We Share	Électro · House
T0645	Cleo Sol	Self	Soul · R&B & neo soul posés
T0646	Clivillés & Cole	A Deeper Love	Électro · House
T0647	Club des Belugas	Close Your Eyes (feat. Iain Mackenzie)	Électro · Downtempo chill
T0648	Cobblestone Jazz	W	Électro · Techno hypnotique
T0649	Cody Currie	Beyond the Stars (feat. Michael Acker)	Électro · Deep house vocale
T0650	Cody Currie	Moves (House Mix) (feat. Eliza Rose)	Électro · Deep house vocale
T0651	Cody・Lee(李)	我愛你	Rock · Rock énergique
T0652	COEO	Coast to Coast	Électro · Deep house instrumentale
T0653	COEO	I Can Never Be Yours	Électro · Nu-disco & synth
T0654	Coeo	Timid Dancer	Électro · Deep house instrumentale
T0655	Colette Renard	Les nuits d'une demoiselle	Pop · Variété française
T0656	Colin Blunstone	Misty Roses	Rock · Rock doux & mélancolique
T0657	ComfortCraft	Minecraft Music in Paradise	Électro · Downtempo chill
T0658	Commodores	Zoom (International Single)	Soul · Soul ballades
T0659	Common Saints	Summer Sun	Soul · Soul ballades
T0660	Como Sea	Alicia Never Lies	Électro · House
T0661	Compagnie El Hamri	Bla seba bla sebab	Maghreb · Traditions
T0662	Compagnie El Hamri	Ya Rijal l'bled	Maghreb · Traditions
T0663	Compagnie El Hashemi Nhass	Al Kaouini	Maghreb · Traditions
T0664	Compagnie El Hashemi Nhass	Improvisation instrumentale pour flûte et violon	Maghreb · Traditions
T0665	Compagnie Jellouili & Ghih	Al jbal li dargoug alliya	Maghreb · Traditions
T0666	Compagnie Jellouili & Ghih	Al-Maya	Maghreb · Traditions
T0667	Compagnie Meskaoui	Ayami Yami	Maghreb · Traditions
T0668	Compagnie Meskaoui	Improvisation instrumentale	Maghreb · Traditions
T0669	COMPUTER DATA	Traumfolge	Électro · Nu-disco & synth
T0670	Cookin Soul	The sound of 90's Hip-Hop - SP1200 Beat Making	Rap · Ailleurs
T0671	Cordae	RNP (feat. Anderson .Paak)	Rap · US
T0672	Corine	Pourquoi pourquoi	Électro · Nu-disco & synth
T0673	Cortex	I Heard a Sigh	Jazz · Jazz-funk & groove
T0674	Cos	Amafam	Jazz · Fusion énergique
T0675	Cos	Babel	Jazz · Fusion énergique
T0676	Cos	Babel Live	Jazz · Fusion énergique
T0677	Cos	Boehme	Jazz · Fusion énergique
T0678	Cos	Cha Cha Cha	Jazz · Fusion énergique
T0679	Cos	Considering a Movement	Jazz · Fusion énergique
T0680	Cos	Good Wind	Jazz · Fusion énergique
T0681	Cos	Greeneldo	Jazz · Fusion énergique
T0682	Cos	Mein Maschine ist schön	Jazz · Fusion énergique
T0683	Cos	Nacht in Hanover	Jazz · Fusion énergique
T0684	Cos	Nog Verder	Jazz · Fusion planante
T0685	Cos	Oostend, Oostend	Jazz · Fusion énergique
T0686	Cos	Ouverture for Dance	Jazz · Fusion énergique
T0687	Cos	Sors ton pétard, Johnny	Jazz · Fusion énergique
T0688	Cosmic Analog Ensemble	Ya3tik el 3afieh	Électro · Downtempo chill
T0689	Cousin	Catsu	Électro · Deep house planante
T0690	Crackazat	Holding You Close	Électro · Deep house vocale
T0691	Crazy P	Stop Space Return	Électro · Nu-disco & synth
T0692	Crazy P	There's A Better Place	Électro · Nu-disco & synth
T0693	CRC	La vie ne vaut rien	Rap · FR introspectif
T0694	CRC	Le sort des pétales	Rap · FR introspectif
T0695	CRC	Ouverture	Rap · FR introspectif
T0696	Crystal Murray	After Ten	Soul · R&B & neo soul posés
T0697	Crystal Waters	Gypsy Woman (She's Homeless) (La Da Dee La Da Da) (Basement Boy Strip To The Bone Mix)	Électro · House
T0698	CucaRafa	Reservado	Latino · Reggaeton, cumbia & corridos
T0699	Curtis Mayfield	Give Me Your Love (Love Song)	Soul · Soul groovy
T0700	Curtis Mayfield	Pusherman	Funk · Funk, boogie & disco
T0701	Curumin	Mistério Stereo	Brésil · Samba & groove
T0702	Cymande	Dove	Funk · Funk, boogie & disco
T0703	Cypress Hill	Insane in the Brain	Rap · US
T0704	Cyprien Katsaris	Fantasia for Piano in D Minor, K. 397	Classique · Baroque lent
T0705	D'Angello & Francis	Pump Up The Bass	Électro · Techno percutante
T0706	D'Angelo	Spanish Joint	Soul · R&B & neo soul groovy
T0707	D.H.C.	Price of Livin' (feat. Yoxng Jah & Kid Snap)	Rap · Pays à préciser
T0708	D.Y.A	Do It	Électro · House
T0709	Da Mike	Malayou (feat. Kawtar Sadik)	Électro · Deep house planante
T0710	Dabeull	Don't Forget It	Funk · Funk, boogie & disco
T0711	Dabeull	DX7 [Indastudio 10]	Funk · Funk, boogie & disco
T0712	Dabeull	Let's Play	Funk · Funk, boogie & disco
T0713	Dabeull	Messages from the Stars	Funk · Funk, boogie & disco
T0714	daBossa	Sentimento Blues	Brésil · Bossa nova
T0715	Dada	3ADI JIDAN	Rock · Rock énergique
T0716	Daft Punk	Aerodynamic	Électro · House
T0717	Daft Punk	Beyond	Électro · Nu-disco & synth
T0718	Daft Punk	Contact	Électro · Techno percutante
T0719	Daft Punk	Derezzed	Électro · Breaks & drum'n'bass
T0720	Daft Punk	Doin' it Right (feat. Panda Bear)	Électro · Nu-disco & synth
T0721	Daft Punk	Face to Face (Cosmo Vitelli Remix)	Électro · Breaks & drum'n'bass
T0722	Daft Punk	Fragments of Time (feat. Todd Edwards)	Rock · Yacht rock
T0723	Daft Punk	Get Lucky (feat. Pharrell Williams and Nile Rodgers)	Électro · Nu-disco & synth
T0724	Daft Punk	Giorgio by Moroder	Électro · Nu-disco & synth
T0725	Daft Punk	Give Life Back to Music	Électro · Nu-disco & synth
T0726	Daft Punk	Harder, Better, Faster, Stronger (The Neptunes Remix)	Électro · Nu-disco & synth
T0727	Daft Punk	Horizon (Japan CD)	Électro · Ambient & nappes
T0728	Daft Punk	Infinity Repeating (2013 Demo) [feat. Julian Casablancas+The Voidz]	Électro · Nu-disco & synth
T0729	Daft Punk	Instant Crush (feat. Julian Casablancas)	Pop · Indie & synth-pop douce
T0730	Daft Punk	Lose Yourself to Dance (feat. Pharrell Williams)	Électro · Nu-disco & synth
T0731	Daft Punk	Motherboard	Électro · Ambient & nappes
T0732	Daft Punk	Nightvision	Électro · Ambient & nappes
T0733	Daft Punk	One More Time (Romanthony's Unplugged)	Électro · Downtempo chill
T0734	Daft Punk	Revolution 909	Électro · House
T0735	Daft Punk	Something About Us	Électro · Downtempo chill
T0736	Daft Punk	The Game of Love	Électro · Downtempo chill
T0737	Daft Punk	The Son of Flynn	Électro · Ambient & nappes
T0738	Daft Punk	Too Long	Électro · House
T0739	Daft Punk	Too Long (Gonzales Version)	Classique · Moderne contemplatif
T0740	Daft Punk	Touch (feat. Paul Williams)	Électro · Expérimental & IDM
T0741	Daft Punk	Veridis Quo	Électro · Ambient & nappes
T0742	Daft Punk	Voyager	Électro · Nu-disco & synth
T0743	Daft Punk	Within	Pop · Ballades
T0744	Dalí	Jalil	Rap · FR introspectif
T0745	Dalí	lov	Soul · R&B & neo soul posés
T0746	Dalí	Valentina	Soul · R&B & neo soul posés
T0747	Dalida	Helwa Ya Baladi	Orient · Fairouz, tarab & chanson
T0748	Dalma Festival	Stef Mendesidis (live) | Dalma Festival 2025	Électro · Techno hypnotique
T0749	Damso	60 années	Rap · FR introspectif
T0750	Damso	911	Rap · FR sombre
T0751	Damso	Autotune	Rap · FR introspectif
T0752	Damso	Baltringue	Rap · FR sombre
T0753	Damso	BruxellesVie	Rap · FR sombre
T0754	Damso	Comment faire un tube	Rap · FR groovy
T0755	Damso	COSMOS (ma première chanson, j'avais 16 ans)	Rap · FR introspectif
T0756	Damso	Feu de bois	Rap · FR introspectif
T0757	Damso	Introduction (Damso / Lithopédion)	Rap · FR sombre
T0758	Damso	J’avais juste envie d’écrire.	Rap · FR introspectif
T0759	Damso	Julien	Rap · FR sombre
T0760	Damso	Monde	Rap · FR introspectif
T0761	Damso	N. J Respect R	Rap · FR sombre
T0762	Damso	NMI	Rap · FR sombre
T0763	Damso	Périscope	Rap · FR introspectif
T0764	Damso	QuedelaVie	Rap · FR introspectif
T0765	Damso	SENTIMENTAL	Rap · FR introspectif
T0766	Damso	Silence (feat. Angèle)	Rap · FR introspectif
T0767	Damso	TieksVie	Rap · FR sombre
T0768	Damso	Tueurs	Rap · FR sombre
T0769	Damso	YOUVOI	Rap · FR introspectif
T0770	Damso	Α. Nwaar Is The New Black	Rap · FR sombre
T0771	Damso	Γ. Mosaïque solitaire	Rap · FR introspectif
T0772	Damso	Δ. Dieu ne ment jamais	Rap · FR introspectif
T0773	Damso	Ζ. Kietu	Rap · FR sombre
T0774	Damso	Θ. Macarena	Rap · FR introspectif
T0775	Damso	Ι. Peur d'être père (feat. Youri)	Rap · FR introspectif
T0776	Damso	Ξ. Une âme pour deux	Rap · FR introspectif
T0777	Damso	Υ. 2 DIAMANTS	Rap · FR introspectif
T0778	Dan Kye	Actually	Électro · Broken beat & nu jazz
T0779	Dan Kye	Sober	Électro · Broken beat & nu jazz
T0780	Dana and Alden	Dragonfly	Jazz · Lounge & jazz d'ambiance
T0781	Dana and Alden	vroom vroom	Jazz · Lounge & jazz d'ambiance
T0782	Daniel Barenboim	Liszt: Consolations, S. 172: No. 3 in D-Flat Major. Lento, placido	Classique · Romantique tendre
T0783	Daniel Barenboim	Symphony No. 5 in C-Sharp Minor: IV. Adagietto. Sehr langsam	Classique · Romantique tendre
T0784	Daniel Caesar	Get You (feat. Kali Uchis)	Soul · R&B & neo soul posés
T0785	Daniel Kruglov	Emotions	Classique · Moderne contemplatif
T0786	Daniel Kruglov	Fountain	Classique · Moderne contemplatif
T0787	Daniel Vangarde	Le Tango Me Fait Pleurer	Pop · Variété française
T0788	Daniela Santos	Mozart: Lacrimosa from Requiem in D Minor (Arr. For Piano and Voice Quartet)	Classique · Baroque lent
T0789	Daniil Trifonov	Chopin: Fantaisie-Impromptu in C-Sharp Minor, Op. 66	Classique · Romantique passionné
T0790	Danit	Apus	Folk · Folk acoustique & traditions
T0791	Danny Wabbit	Internal Jungle Original Mix	Électro · Techno percutante
T0792	Danny Wabbit	Lost Soul	Électro · Techno hypnotique
T0793	Dano 555	Casiopea My favorite song from each album 1979-1994	Jazz · Fusion énergique
T0794	Dany Brillant	Dieu	Pop · Variété française
T0795	Dany Brillant	Hier encore (en duo avec Patrick Fiori) (feat. Patrick Fiori)	Pop · Variété française
T0796	Dany Brillant	Je voudrais tant que tu me donnes	Pop · Variété française
T0797	Dany Brillant	Les moulins de mon coeur	Pop · Variété française
T0798	Danya	Zone 0	Électro · Ambient & nappes
T0799	DaRand Land	Blessings	Électro · Deep house planante
T0800	DaRand Land	Calming Effect	Électro · Deep house planante
T0801	DaRand Land	Edge Of The Looking Glass	Électro · Deep house planante
T0802	DaRand Land	Marcela's Sense	Électro · Deep house planante
T0803	DaRand Land	Portraits Of Us	Électro · Deep house planante
T0804	DaRand Land	Soothe Me	Électro · Deep house planante
T0805	Darkhouse Family	The Offering	Électro · Broken beat & nu jazz
T0806	Darryl Zeuja	J'marche seul	Rap · FR cloud & spleen
T0807	Darviin	Ojos de Girasol	Latino · Boléro, tango & ballades
T0808	Dauwd	Macadam Therapy	Électro · Deep house planante
T0809	Dave	Location	Afrique · Afrobeats & amapiano
T0810	David August	A Golden Rush	Électro · Deep house planante
T0811	David August	Agatha	Électro · Techno hypnotique
T0812	DAVID AUGUST	Elysian Fields (Ron Trent Reconstruction)	Électro · Deep house planante
T0813	David August	Epikur	Électro · Techno hypnotique
T0814	David August	J.B.Y.	Électro · Deep house planante
T0815	DAVID AUGUST	Last Day (David August Revision)	Électro · Deep house planante
T0816	David August	THE LIFE OF MERISI	Électro · Ambient & nappes
T0817	David Benoit	Botswana Bossa Nova	Jazz · Lounge & jazz d'ambiance
T0818	David Gold	Phenomena	Électro · Ambient & nappes
T0819	David Martial	Célimène	Caraïbes · Reggae, dub & dancehall
T0820	David Matthews	Space Oddity	Jazz · Jazz-funk & groove
T0821	David Sylvian	Velvet Revolution	Électro · Ambient & nappes
T0822	David Walters	Kryé Mwen	Funk · Afrobeat
T0823	David Walters	Kryé Mwen (Patchworks Remix)	Électro · Deep house vocale
T0824	David Walters	Soul Tropical	Électro · Nu-disco & synth
T0825	Daði Freyr	Think About Things	Pop · Indie & synth-pop dansante
T0826	DBO	COME 2 ME	Électro · House
T0827	Deema	CAN I?	Rap · Pays à préciser
T0828	Deen Burbigo	BNB	Rap · FR groovy
T0829	Deen Burbigo	CERCLE VICIEUX	Rap · FR sombre
T0830	Deen Burbigo	OG SAN	Rap · FR groovy
T0831	Deep Xcape	After The Rain (Original Full Mix)	Électro · Deep house planante
T0832	Deetron	Each Step (Powerhouse Extended Mix)	Électro · House
T0833	DeevoDaGenius	A Lord's Prayer	Rap · US
T0834	DELACOUR	Dub City	Électro · Techno hypnotique
T0835	Dele Sosimi Afrobeat Orchestra	Too Much Information (Laolu Remix (Edit))	Électro · Deep house vocale
T0836	Delegation	Oh Honey	Soul · Soul groovy
T0837	Delvon Lamarr Organ Trio	Jimmy's Groove	Jazz · Jazz-funk & groove
T0838	Demon Fuzz	Another Country	Rock · Psyché & prog nerveux
T0839	Demon Fuzz	Disillusioned Man	Rock · Blues mélancolique
T0840	Demon Fuzz	Fuzz Oriental Blues	Rock · Psyché & prog nerveux
T0841	Demon Fuzz	Hymn To Mother Earth	Rock · Psyché & prog rêveur
T0842	Demon Fuzz	I Put a Spell on You	Rock · Psyché & prog nerveux
T0843	Demon Fuzz	Mercy (Variation No.1)	Rock · Psyché & prog nerveux
T0844	Demon Fuzz	Message to Mankind	Rock · Psyché & prog nerveux
T0845	Demon Fuzz	Past, Present & Future	Rock · Psyché & prog nerveux
T0846	Deodato	San Juan Sunset	Jazz · Jazz-funk & groove
T0847	Detroit's Filthiest	Horizontal Bop	Électro · Breaks & drum'n'bass
T0848	dialE	Like E	Rap · US
T0849	dialE	nine thirty (the glow)	Rap · US
T0850	Didaem	Varus	Rap · Pays à préciser
T0851	Didier Lockwood	Tea for Two	Jazz · Swing & big band
T0852	Dilnaz Akhmadiyeva	Shahine	Folk · Folk acoustique & traditions
T0853	Dinah Washington	Cry Me A River	Jazz · Vocal & ballades
T0854	Dinah Washington	What A Diff'rence A Day Made	Jazz · Vocal & ballades
T0855	Dinos	Ciel pleure (feat. Laylow)	Rap · FR cloud & spleen
T0856	Dinos	Helsinki	Rap · FR cloud & spleen
T0857	Dinos	Moins un	Rap · FR introspectif
T0858	Diogo Strausz	Emancipação (Ron Trent Remix)	Électro · Deep house instrumentale
T0859	Dioscures	CINÉ CLUB (feat. Laylow)	Rap · FR posé
T0860	Dire Straits	Down To The Waterline	Rock · Blues qui groove
T0861	Dire Straits	Sultans Of Swing	Rock · Rock énergique
T0862	Dire Straits	Tunnel Of Love	Rock · Rock doux & mélancolique
T0863	Dirtytwo	Embrace	Électro · Deep house planante
T0864	Discosteps	Hypnotised	Électro · Nu-disco & synth
T0865	Disiz	RENCONTRE	Rap · FR introspectif
T0866	Dizzy Gillespie	A Night In Tunisia	Jazz · Bop qui swingue
T0867	Dizzy Gillespie	Be-Bop	Jazz · Bop qui swingue
T0868	Dizzy Gillespie	Dark Eyes	Jazz · Bop qui swingue
T0869	Dizzy Gillespie	Dark Eyes (Alternate Take)	Jazz · Bop qui swingue
T0870	Dizzy Gillespie	Lover Come Back To Me	Jazz · Bop qui swingue
T0871	Dizzy K	Sweet Music	Funk · Funk, boogie & disco
T0872	DJ Center	Paradise (feat. Thalma De Freitas)	Électro · House
T0873	DJ Christos	Outta Sight [Main Mix] (feat. Monique Bingham)	Électro · Deep house vocale
T0874	DJ Fudge	If I Had A Band	Électro · House
T0875	DJ Fudge	My Love Is Pure (feat. Tasita D'Mour) [Classic Mix] (feat. Tasita D'Mour)	Électro · House
T0876	DJ Fudge	Simpatico (feat. Omar)	Soul · R&B & neo soul groovy
T0877	DJ Fudge	Something (Vocal Mix) (feat. Barbie Mak)	Électro · House
T0878	DJ Jazzy Jeff	Rock Wit U (Yoruba Soul Mix - Dub) (feat. Erro)	Électro · Deep house instrumentale
T0879	DJ Pepsi	Pride (feat. Monique Bingham)	Électro · Deep house vocale
T0880	DJ Rolando	Knights of the Jaguar	Électro · Techno percutante
T0881	DJ T.	Gorilla Hug (Nicolas Jaar Remix)	Électro · Techno hypnotique
T0882	Django Reinhardt	Les yeux noirs (Dark Eyes)	Jazz · Swing & big band
T0883	DJOKO	Daylight	Électro · Deep house instrumentale
T0884	Do Your Thang	Umami (feat. White Boy, Jekesa, Rubber Soul & Alan Beez)	Rap · Pays à préciser
T0885	Doechii	DENIAL IS A RIVER	Rap · US
T0886	Doechii	NISSAN ALTIMA	Rap · US
T0887	Dole & Kom	Phara Oh	Électro · Deep house planante
T0888	Don Bigg	11 - 16/05	Rap · Maghreb
T0889	Don. G	SILICONE	Rap · Pays à préciser
T0890	Donald Byrd	Wind Parade	Jazz · Jazz-funk & groove
T0891	Donatella Viggiano	Napule Canta E More	Folk · Folk acoustique & traditions
T0892	DonGee	10/10	Rap · Pays à préciser
T0893	Donna Summer	On The Radio	Funk · Funk, boogie & disco
T0894	Donny Benét	Beneath The Sheets	Pop · Indie & synth-pop dansante
T0895	Donny Benét	Cappuccino	Électro · Nu-disco & synth
T0896	Donny Benét	Konichiwa	Électro · Nu-disco & synth
T0897	Dora Morelenbaum	Dó a Dó	Brésil · MPB douce
T0898	Dora Morelenbaum	João	Brésil · MPB douce
T0899	Dorothée Pousséo	De toutes les couleurs	(aucune)
T0900	Douaa	Haditouni	Funk · Funk arabe des années 70
T0901	Doums	90' (feat. Freeze Corleone)	Rap · FR sombre
T0902	Dov'è Liana	Ecco la Notte	Électro · Nu-disco & synth
T0903	Dr. Dre	Nuthin' But A "G" Thang	Rap · US
T0904	Draganov	3DABI	Rap · Maghreb
T0905	Draganov	Maak	Rap · Maghreb
T0906	Draganov	Paradis	Rap · Maghreb
T0907	Drake	Amen (feat. Teezo Touchdown)	Rap · US
T0908	Drake	Flight's Booked	Électro · House
T0909	Drake	Get It Together (feat. Black Coffee & Jorja Smith)	Électro · Deep house vocale
T0910	Drake	Passionfruit	Rap · US
T0911	Drake	Tie That Binds	Électro · House
T0912	Drake	Yebba’s Heartbreak	Soul · R&B & neo soul posés
T0913	Dred Scott	Check the Vibe (feat. Adriana Evans)	Rap · US
T0914	driffa	Oumou Sangaré - Ah Ndiya (K&F Edit)	Électro · House
T0915	Driss Bennis	Day Drive (Thru Casablanca)	Électro · Breaks & drum'n'bass
T0916	Driss Bennis	Networks	Électro · Breaks & drum'n'bass
T0917	Driss Bennis	Networks (Prelude)	Électro · Breaks & drum'n'bass
T0918	Driss Bennis	Offshore Counterforce	Électro · Breaks & drum'n'bass
T0919	Driss Bennis	Theme From The Scam Planet (Dirty)	Électro · Breaks & drum'n'bass
T0920	Droop-E	Rossi Wine (feat. Kendrick Lamar)	Rap · US
T0921	DRS	Sonic Weapon (Original 12'' Mix)	Électro · Breaks & drum'n'bass
T0922	DSK	What Would We Do (Silk Hurley Mix)	Électro · House
T0923	Duk & Greek	And the living is Easy (Duk & Greek Edit)	Électro · House
T0924	Duke Ellington	In A Sentimental Mood	Jazz · Vocal & ballades
T0925	Duke Hugh	Ifz Shuffle	Électro · Broken beat & nu jazz
T0926	Duke Hugh	Nighthawks	Électro · Broken beat & nu jazz
T0927	dumaramutsi	Radiohead - Pyramid Song 800% slower	Électro · Ambient & nappes
T0928	DunnEasy	Won't Stop [dunnEASY Club Mix] (feat. Monique Bingham)	Électro · Deep house vocale
T0929	Dustin O'Halloran	An Ending, A Beginning	Classique · Moderne contemplatif
T0930	Duval Timothy	Fall Again	Soul · R&B & neo soul posés
T0931	DVS1	Black Russian	Électro · Techno percutante
T0932	Dying & Barakat	About That Promise	Électro · Techno hypnotique
T0933	Eagles	Hotel California	Rock · Rock doux & mélancolique
T0934	Earth Boys	Canal St. Blues	Électro · Deep house instrumentale
T0935	Earth, Wind & Fire	Beijo (Interlude)	Jazz · Latin jazz
T0936	Eboni Band	Fasso	Jazz · Jazz-funk & groove
T0937	Ed Lloyd and His Band	What's Good for the Goose is Good for the Gander	Jazz · Swing & big band
T0938	Ed Motta	1978	Rock · Yacht rock
T0939	Eddie Barclay	Avec ces yeux-là	Jazz · Vocal & ballades
T0940	Eddie Barclay	Craven	Jazz · Swing & big band
T0941	Eddie Barclay	Et voilà !	Jazz · Swing & big band
T0942	Eddie Barclay	Ne m'laissez pas comme ça	Jazz · Swing & big band
T0943	Eddie Barclay	Numéro 13	Jazz · Swing & big band
T0944	Eddie Barclay	Pas moi	Jazz · Swing & big band
T0945	Eddie Barclay	Quand je monte chez toi	Jazz · Vocal & ballades
T0946	Eddie Barclay	Quelque chose en toi	Jazz · Vocal & ballades
T0947	Eddie Barclay	Quincy Boogie	Jazz · Swing & big band
T0948	Eddie Barclay	Sermonette	Jazz · Swing & big band
T0949	Eddie Barclay	Tout doucement	Jazz · Vocal & ballades
T0950	Eddie Barclay	Tu joues avec le feu	Jazz · Swing & big band
T0951	Eddie Barclay	Un p'tit bout de femme	Jazz · Swing & big band
T0952	Edu Lobo	Zum-Zum	Brésil · Samba & groove
T0953	El Búho	Manana Tepotzlan	Électro · Ambient & nappes
T0954	El Shab Arrab	law kan	Orient · Fairouz, tarab & chanson
T0955	El Shab Arrab	sabar	Orient · Fairouz, tarab & chanson
T0956	El Shab Arrab	ya malaky	Orient · Fairouz, tarab & chanson
T0957	El Shab Arrab	yama 3yoony	Orient · Fairouz, tarab & chanson
T0958	El Zar	La Declaración	Latino · Boléro, tango & ballades
T0959	Elan Marinho	playlist para estudar como nietzsche sobre o abismo em uma corda bamba entre o animal e o übermensch	Classique · Romantique tendre
T0960	Ele A	Globo	Rap · FR groovy
T0961	Electric Jalaba	Fulan	Maghreb · Gnawa
T0962	Electric Light Orchestra	Last Train to London	Pop · City pop & disco
T0963	Elephant Man	Gal U Caan	Caraïbes · Reggae, dub & dancehall
T0964	Elevator Music	gum.mp3 (DJ Set) - Elevator Music	Électro · House
T0965	Eleven Of July	Annihilation	Électro · Techno percutante
T0966	ElGrandeToto	Ailleurs (feat. Lefa)	Rap · Maghreb
T0967	ElGrandeToto	DELLALI (feat. Hamza)	Rap · Maghreb
T0968	ElGrandeToto	Haram (Pablo II)	Rap · Maghreb
T0969	ElGrandeToto	Mghayer	Rap · Maghreb
T0970	ElGrandeToto	Smou7at	Rap · Maghreb
T0971	Elia Y Elizabeth	Alegria	Rock · Psyché & prog nerveux
T0972	Elijah Fox	Wyoming	Classique · Moderne contemplatif
T0973	Elis Regina	20 Anos Blue	Brésil · MPB douce
T0974	Elis Regina	Fascinaçao	Brésil · MPB douce
T0975	Elis Regina	Fotografia	Brésil · Bossa nova
T0976	Elizeth Cardoso	Outra Vez	Brésil · Bossa nova
T0977	Ella Fitzgerald	Cheek To Cheek	Jazz · Vocal & ballades
T0978	Ella Fitzgerald	Early Autumn	Jazz · Vocal & ballades
T0979	Ella Fitzgerald	Solitude	Jazz · Vocal & ballades
T0980	Elpatron970	All Black	Rap · Ailleurs
T0981	Elton John	Bennie And The Jets	Rock · Rock énergique
T0982	Elvis Presley	Heartbreak Hotel	Rock · Rock doux & mélancolique
T0983	Elyon	À la recherche	Rap · FR posé
T0984	Elysian Spring	Blue Sands	Jazz · Bop & cool nocturne
T0985	Elza Soares	Avenida Iluminada	Brésil · Samba & groove
T0986	Emanuel Satie	Don't Forget to Go Home	Électro · Deep house planante
T0987	Eminem	Stan (feat. Dido)	Rap · US
T0988	Emmanuelle	Italove	Électro · Nu-disco & synth
T0989	Emptyset	Blossom	Électro · Expérimental & IDM
T0990	Eng. Emad Al Atoum	Fairouz - Eh Fi Amal	Orient · Fairouz, tarab & chanson
T0991	Ennio Morricone	Chi Maï	Classique · Moderne contemplatif
T0992	ENNY	Charge It	Rap · UK
T0993	Enrico Pieranunzi	Sicilyan Dream (D’après Siciliano, BWV. 1031 de Johann Sebastian Bach)	Jazz · Bop & cool nocturne
T0994	Enzo Siffredi	Star Nights	Électro · Deep house vocale
T0995	Equation	I'll Say A Prayer 4 U	Électro · Deep house vocale
T0996	Erasmo Carlos	É Preciso Dar Um Jeito, Meu Amigo	Brésil · MPB douce
T0997	Erasmo Carlos	Grilos	Brésil · Samba & groove
T0998	Eric Prydz	Opus	Électro · Techno hypnotique
T0999	Erykah Badu	Green Eyes	Soul · R&B & neo soul posés
T1000	Esperanza Spalding	I Know You Know	Jazz · Smooth & groovy
T1001	Etta James	A Sunday Kind Of Love	Soul · Soul ballades
T1002	Etta Jones	If I Had You	Jazz · Vocal & ballades
T1003	Eugen Cicero	Prélude in E Minor, Op. 28 No. 4	Jazz · Bop & cool nocturne
T1004	Eva sur Seine	Je Me Voyais Déjà	Pop · Variété française
T1005	Eva sur Seine	Une Belle Histoire	Pop · Variété française
T1006	Ezéchiel Pailhès	Éternel été	Pop · Variété française
T1007	Ezgi Tanriverdi - Classical Piano	Bach - BWV 999, Little Prelude C minor | Ezgi Tanriverdi 🎹	Classique · Baroque lent
T1008	Ezhel	Bazen (feat. Emel)	Rap · Ailleurs
T1009	Fabe	La tête haute tenue	Rap · FR introspectif
T1010	Fabe	Quand j'serai grand	Rap · FR introspectif
T1011	Fabrizio Chiovetta	Piano Sonata No. 32 in C Minor, Op. 111: I. Maestoso. Allegro con brio ed appassionato	Classique · Romantique passionné
T1012	Fabrizio Chiovetta	Piano Sonata No. 32 in C Minor, Op. 111: II. Arietta. Adagio molto semplice e cantabile	Classique · Romantique tendre
T1013	FaceSoul	Love	Soul · R&B & neo soul posés
T1014	Fadi Mohem	Reactant	Électro · Techno hypnotique
T1015	Fady	Bektob Esmk	Orient · Fairouz, tarab & chanson
T1016	Fairouz	Aateny El Nay We Ghanny	Orient · Fairouz, tarab & chanson
T1017	Fairouz	Khalleek Be El Bait	Orient · Fairouz, tarab & chanson
T1018	Fairouz	Konna Netlaka	Orient · Fairouz, tarab & chanson
T1019	Fairouz	Saaltak Habiby	Orient · Fairouz, tarab & chanson
T1020	Fairuz	Al Thaniah	Orient · Fairouz, tarab & chanson
T1021	Fairuz	Aloula	Orient · Fairouz, tarab & chanson
T1022	Fairuz	Entowrah	Orient · Fairouz, tarab & chanson
T1023	Fairuz	Iaada '83	Orient · Fairouz, tarab & chanson
T1024	Fairuz	Khaleek Bilbait	Orient · Fairouz, tarab & chanson
T1025	Fairuz	Le Beirut	Orient · Fairouz, tarab & chanson
T1026	Fairuz	Ma Kedert Neseet	Orient · Fairouz, tarab & chanson
T1027	Fairuz	Maarifti Feek	Orient · Fairouz, tarab & chanson
T1028	Fairuz	Mukadimah '84	Orient · Fairouz, tarab & chanson
T1029	Fairuz	Oudak Rannan	Orient · Fairouz, tarab & chanson
T1030	Fairuz	Rah Nebqa Sawa	Orient · Fairouz, tarab & chanson
T1031	Far Out music for far-out people	Tangerine Dream Live At Coventry Cathedral 1975 Full Concert [HD+5.1 surround sound]	Électro · Ambient & nappes
T1032	Fasme	Brume	Électro · Breaks & drum'n'bass
T1033	Fatima Yamaha	Only Of The Universe	Électro · Nu-disco & synth
T1034	Fatima Yamaha	What's a Girl to Do	Électro · Nu-disco & synth
T1035	Fats Waller, His Rhythm and His Orchestra	The Sheik Of Araby	Jazz · Swing & big band
T1036	Favé	Urus	Rap · FR énergique
T1037	FEEL	Chico & Rita	Électro · Deep house instrumentale
T1038	Fela Kuti	Gentleman	Funk · Afrobeat
T1039	Fela Kuti	Jeun Ko Ku (Chop 'n Quench)	Funk · Afrobeat
T1040	Fela Kuti	Zombie	Funk · Afrobeat
T1041	Felipe Gordon	The Semimodular Bird of Jazz	Électro · Deep house instrumentale
T1042	Felix Laband	Falling off a Horse	Électro · Downtempo chill
T1043	Femme Falafel	Depressão	Pop · Indie & synth-pop douce
T1044	FEMTOGO	MME. RIFFAUD	Rap · FR sombre
T1045	Fenton Robinson	Killing Floor	Rock · Blues qui groove
T1046	Feqadu Amde-mesqel	Asmarina (My Asmara)	Jazz · Ethio-jazz
T1047	Feral	Court of Light	Électro · Techno hypnotique
T1048	Ferdi	SERENADE	Jazz · Lounge & jazz d'ambiance
T1049	Ferqet El Masryeen	El Shawarea Hawadet	Funk · Funk arabe des années 70
T1050	Fingers Inc.	Can You Feel It	Électro · Deep house planante
T1051	Fink	Cold Feet	Rock · Blues mélancolique
T1052	fireb0rn	Frédéric Chopin - Waltz no. 19 op. posth. in A Minor	Classique · Romantique tendre
T1053	Fish Go Deep	Battery Man	Électro · Deep house vocale
T1054	Fish Go Deep	The Cure & The Cause (Dennis Ferrer Remix)	Électro · Deep house vocale
T1055	Fixpen Sill	C'est pas compliqué	Rap · FR groovy
T1056	FKJ	Losing My Way	Électro · Downtempo chill
T1057	Flaradox	Mii channel theme but the violin and electric piano are swapped	Jazz · Lounge & jazz d'ambiance
T1058	Flavia Coelho	Billy Django	Caraïbes · Reggae, dub & dancehall
T1059	Flavour Trip	Chillout Jazz House Music Mix - Cozy Pancakes Brunch Bar | Relaxing Living Room Lounge	Électro · Downtempo chill
T1060	Floating Points	Fast Forward	Électro · House
T1061	Floating Points	Key103	Électro · Breaks & drum'n'bass
T1062	Floating Points	King Bromeliad	Électro · Deep house instrumentale
T1063	Floating Points	Movement 1	Jazz · Spiritual jazz
T1064	Floating Points	Movement 2	Jazz · Spiritual jazz
T1065	Floating Points	Movement 3	Jazz · Spiritual jazz
T1066	Floating Points	Movement 4	Jazz · Spiritual jazz
T1067	Floating Points	Movement 5	Jazz · Spiritual jazz
T1068	Floating Points	Movement 6	Jazz · Spiritual jazz
T1069	Floating Points	Movement 7	Jazz · Spiritual jazz
T1070	Floating Points	Movement 8	Jazz · Spiritual jazz
T1071	Floating Points	Movement 9	Jazz · Spiritual jazz
T1072	Floating Points	Myrtle Avenue	Électro · Deep house instrumentale
T1073	Floating Points	Vocoder [Club Mix]	Électro · House
T1074	Folamour	After Winter Must Come Spring	Électro · Deep house instrumentale
T1075	Folamour	Night Of Desirable Objects	Électro · Deep house instrumentale
T1076	Folamour	Nights over You	Électro · Nu-disco & synth
T1077	Four Tracks	You Mean Everything to Me	Soul · Soul ballades
T1078	Four80east	After All This Time	Jazz · Lounge & jazz d'ambiance
T1079	Four80East	Ba Ba Brazil	Jazz · Smooth & groovy
T1080	Four80east	Back in 5	Jazz · Smooth & groovy
T1081	Four80east	Just Passing Through	Jazz · Smooth & groovy
T1082	Four80east	Loosey Goosey	Jazz · Smooth & groovy
T1083	Four80east	Never the Same Way Twice	Jazz · Smooth & groovy
T1084	Four80east	One Night Only	Jazz · Smooth & groovy
T1085	Four80east	Race the Moon	Jazz · Smooth & groovy
T1086	Four80east	Roll On	Jazz · Smooth & groovy
T1087	Four80east	Shot in the Dark	Jazz · Smooth & groovy
T1088	Four80east	Table for Two	Jazz · Smooth & groovy
T1089	Four80east	While the City Sleeps	Jazz · Lounge & jazz d'ambiance
T1090	Frah Quintale	Inviato.01	Rap · Ailleurs
T1091	Frah Quintale	Si, ah	Rap · Ailleurs
T1092	Frah Quintale	Sì può darsi	Rap · Ailleurs
T1093	Franc Spangler	Dreamworld	Électro · Deep house instrumentale
T1094	Francesco Demegni	Don't Forget	Jazz · Lounge & jazz d'ambiance
T1095	Francis Harris	Lostfound	Électro · Deep house planante
T1096	Francis Lai	Un homme et une femme (Instrumental)	Brésil · Bossa nova
T1097	Franco Micalizzi	Sadness Theme	Classique · Moderne contemplatif
T1098	Franco Micalizzi	Voices for Sadness Theme	Classique · Moderne contemplatif
T1099	François Sentinelle	Est-ce que tu regrettes ?	Pop · Variété française
T1100	Françoise Hardy	Tirez Pas Sur L'Ambulance	Pop · Variété française
T1101	Frank Houston	Life Happens (feat. Phil Davis & Terreon Gully)	Jazz · Smooth & groovy
T1102	Frank Jade	Young Free and Single	Funk · Funk, boogie & disco
T1103	Frank Ocean	Pink Matter (feat. André 3000)	Soul · R&B & neo soul posés
T1104	Frank Sinatra	That's Life (2008 Remastered)	Jazz · Swing & big band
T1105	Frank Sinatra	You Make Me Feel So Young (Remastered 1998)	Jazz · Swing & big band
T1106	Frankie Goes To Hollywood	bang…	Pop · Indie & synth-pop dansante
T1107	Frankie Goes To Hollywood	Black Night White Light	Pop · Pop rock & pop dansante
T1108	Frankie Goes To Hollywood	Born To Run	Rock · Rock énergique
T1109	Frankie Goes To Hollywood	Fury	Électro · Nu-disco & synth
T1110	Frankie Goes To Hollywood	Including The Ballad Of 32	Rock · Psyché & prog nerveux
T1111	Frankie Goes To Hollywood	Krisco Kisses	Pop · Indie & synth-pop dansante
T1112	Frankie Goes To Hollywood	Relax (Come Fighting)	Pop · Indie & synth-pop dansante
T1113	Frankie Goes To Hollywood	San Jose (The Way)	Pop · Indie & synth-pop douce
T1114	Frankie Goes To Hollywood	(Tag)	Pop · Indie & synth-pop dansante
T1115	Frankie Goes To Hollywood	The Only Star In Heaven	Électro · Nu-disco & synth
T1116	Frankie Goes To Hollywood	The Power Of Love	Pop · Ballades
T1117	Frankie Goes To Hollywood	The World Is My Oyster (Including Well / Snatch Of Fury)	Pop · Indie & synth-pop douce
T1118	Frankie Goes To Hollywood	Two Tribes	Pop · Indie & synth-pop dansante
T1119	Frankie Goes To Hollywood	War	Électro · Nu-disco & synth
T1120	Frankie Goes To Hollywood	Welcome To The Pleasuredome	Pop · Indie & synth-pop dansante
T1121	Frankie Goes To Hollywood	Wish (The Lads Were Here)	Pop · Indie & synth-pop dansante
T1122	Frankie hi-nrg mc	Potere Alla Parola (Versione 2005)	Rap · Ailleurs
T1123	Frankie Knuckles	Your Love	Électro · House
T1124	Frankie Smith	Double Dutch Bus	Funk · Funk, boogie & disco
T1125	Fred B	Summer Time In Color	Électro · House
T1126	Fred et les cochonous	Tripote-moi la bite	Pop · Variété française
T1127	Fred Nevché	La responsabilité des rêves (Instrumental)	Électro · Nu-disco & synth
T1128	Fred P	Journey On	Électro · Deep house planante
T1129	Frédéric Chopin	Étude Op. 25 - No.1	Classique · Romantique tendre
T1130	Free is in Da House	Aaron-Carl  -  Sky (Tommi White Billsticker mix)	Électro · Deep house vocale
T1131	Free is in Da House	All Good Funk Alliance  -  The Makes	Électro · Deep house vocale
T1132	Free is in Da House	Bass Toast  -  Each One Teach One	Électro · Deep house vocale
T1133	Free is in Da House	Blueless  -  Are You Pleased?	Électro · Deep house vocale
T1134	Free is in Da House	Boobjazz  -  Leave Me	Électro · Deep house vocale
T1135	Free is in Da House	Derrick White  -  Soul 2 Let Go	Électro · Deep house vocale
T1136	Free is in Da House	Freil  -  West of Motebe	Électro · Deep house vocale
T1137	Free is in Da House	Plus  -  Triple Journey (Idjut Boys re-touch)	Électro · Nu-disco & synth
T1138	Free is in Da House	Spiro Projecto feat. Josefina Sanner  -  Bluesless (Fredrik Stark Remix)	Électro · Deep house vocale
T1139	Free is in Da House	Street Corner Symphony  -  Memories Of Aphrodite	Électro · Deep house vocale
T1140	Free is in Da House	Street Corner Symphony  -  Street Corner Symphony	Funk · Funk, boogie & disco
T1141	Free is in Da House	Street Corner Symphony  -  Symphomaniac (House Mix)	Électro · Deep house vocale
T1142	Free is in Da House	Ten City  -  All Loved Out (Love Serenade)	Électro · House
T1143	Free is in Da House	The Persuader  -  Djurgårdsbron	Électro · Techno percutante
T1144	Free is in Da House	West Bridgford Connection  -  Deep St. (Bluehouse Flava)	Électro · Deep house vocale
T1145	Free is in Da House	West Bridgford Connection  -  Up 'n' Down	Électro · Deep house vocale
T1146	Free Nationals	Eternal Light	Caraïbes · Reggae, dub & dancehall
T1147	Free Nationals	Gidget (feat. Anderson .Paak & T.Nava)	Soul · R&B & neo soul groovy
T1148	Free Nationals	Obituaries (feat. Shafiq Husayn)	Soul · R&B & neo soul groovy
T1149	Free Nationals	Shibuya (feat. Syd)	Soul · R&B & neo soul groovy
T1150	FreedysseusX	Ahmad Jamal - Soul Girl	Jazz · Jazz-funk & groove
T1151	French 79	Graceful	Électro · Nu-disco & synth
T1152	French 79	Quartz	Électro · Nu-disco & synth
T1153	French The Kid	Thrill	Rap · UK
T1154	Fresh & Low	7 Miles Up	Électro · Deep house instrumentale
T1155	Fresh & Low	Dream	Électro · Deep house planante
T1156	Fresh & Low	Love Capsule Deluxe (Vocal Mix)	Électro · Deep house vocale
T1157	Fresh & Low	New Life	Électro · Deep house vocale
T1158	Fresh & Low	No Going Back	Électro · Deep house vocale
T1159	Fresh & Low	Sweet Inspiration (Vocal Version)	Électro · Deep house vocale
T1160	Fuera	Hero	Électro · Deep house instrumentale
T1161	Full Crate & Gaidaa	A Storm on a Summers Day	Soul · R&B & neo soul posés
T1162	FUNERAL Ant Bell	City of Champions	Rap · Pays à préciser
T1163	Funkadelic	Maggot Brain	Rock · Psyché & prog rêveur
T1164	Funkissman 78	Game (Fun City) - 大都会 Part II テーマ - Theme of Daitokai Part II (Japanese OST - Daitokai - 1977)	Jazz · Jazz-funk & groove
T1165	Furlax	Cosmos	Rap · FR groovy
T1166	Furlax	Galactique	Rap · FR groovy
T1167	Furlax	Ride	Rap · FR groovy
T1168	Furlax	Rodeo Groove	Électro · Nu-disco & synth
T1169	Furlax	Sensation	Rap · FR groovy
T1170	Furlax	Stunna	Rap · FR énergique
T1171	Fusion Groove Orchestra	If Only I Could (Liem Remix) (feat. Steve Lucas)	Électro · House
T1172	Gaan	Sade - Smooth Operator (De Rigueur Bootleg)	Électro · House
T1173	Gabriel Yared	Betty et Zorg	Classique · Moderne contemplatif
T1174	Gabriels	Love and Hate in a Different Time (Kerri Chandler Remix)	Électro · Deep house vocale
T1175	GAL	Je le pèse Intro	Rap · FR sombre
T1176	GAL	Kendrick Lamar	Rap · FR introspectif
T1177	Gal Costa	Janelas Abertas (Ao Vivo)	Brésil · Bossa nova
T1178	Gal Costa	Lágrimas Negras	Brésil · MPB douce
T1179	Gal Costa	Sexo e Luz (feat. Lokua Kanza)	Brésil · MPB douce
T1180	Galcher Lustwerk	Bit	Électro · Deep house planante
T1181	Galcher Lustwerk	Warming Up	Électro · Deep house planante
T1182	Gannein	Semantic Satiation	Électro · Techno hypnotique
T1183	Gary Moore	Midnight Blues	Rock · Blues mélancolique
T1184	Gary Moore	Parisienne Walkways	Rock · Blues mélancolique
T1185	Gary Moore	Parisienne Walkways (Live At Royal Albert Hall, London / 1993)	Rock · Blues mélancolique
T1186	Gary Moore	Still Got The Blues	Rock · Blues mélancolique
T1187	Gavinco	Amour Fou	Électro · Deep house instrumentale
T1188	Gazzz696	Scruscru & Los Protos - Os Sons Do Rio	Électro · Deep house instrumentale
T1189	GeeJay	Devil Called Love	Soul · R&B & neo soul posés
T1190	GeeJay	Ordinary Girl	Soul · R&B & neo soul groovy
T1191	GeeJay	Stronger	Soul · R&B & neo soul groovy
T1192	Geek Music	Interstellar Main Theme (From "Interstellar")	Classique · Moderne contemplatif
T1193	Gene Lawrence	Feel Like Making Love	Soul · Soul groovy
T1194	Gene Phillips & His Rhythm Aces	Big Legs	Rock · Blues qui groove
T1195	Georg Kallweit	Violin Sonata in C Major, Wq. 73, H. 504: III. Allegretto	Classique · Baroque lent
T1196	Georg Levin feat. Clara Hill	(I Got) Somebody New	Soul · R&B & neo soul groovy
T1197	George Benson	Breezin'	Jazz · Lounge & jazz d'ambiance
T1198	George Benson	Dinorah, Dinorah	Jazz · Jazz-funk & groove
T1199	George Benson	Everything Must Change	Jazz · Vocal & ballades
T1200	George Benson	Give Me the Night	Funk · Funk, boogie & disco
T1201	George Benson	Gonna Love You More	Jazz · Smooth & groovy
T1202	George Benson	Love X Love	Funk · Funk, boogie & disco
T1203	George Benson	Midnight Love Affair	Funk · Funk, boogie & disco
T1204	George Benson	Nature Boy	Jazz · Vocal & ballades
T1205	George Benson	The Ghetto	Jazz · Jazz-funk & groove
T1206	George Benson	The Wind and I	Jazz · Lounge & jazz d'ambiance
T1207	George Benson	The World Is a Ghetto	Jazz · Smooth & groovy
T1208	George Benson	Valdez in the Country	Jazz · Jazz-funk & groove
T1209	George Benson	What's on Your Mind	Funk · Funk, boogie & disco
T1210	George Duke	Brazilian Love Affair	Jazz · Latin jazz
T1211	George McCrae	You Can Have It All	Funk · Funk, boogie & disco
T1212	George Winston	Spanish Caravan	Classique · Moderne contemplatif
T1213	Gérard Blanc	Une autre histoire	Pop · Indie & synth-pop dansante
T1214	Gérard Lenorman	La ballade des gens heureux	Pop · Variété française
T1215	Germannu	Fale De Mim	Brésil · Samba & groove
T1216	Germannu	Fale De Mim (Mendel Edit)	Électro · Nu-disco & synth
T1217	Gerry Mulligan Sextet	Prelude In E Minor	Jazz · Bop & cool nocturne
T1218	Gerry Rafferty	Right Down the Line	Rock · Rock doux & mélancolique
T1219	Get Lost	Foc	Électro · Deep house instrumentale
T1220	Gharam Electric	Alsana Di	Électro · Nu-disco & synth
T1221	Gianni´s Humble	show me // something	Électro · House
T1222	Giga Papaskiri	Lucie From Paris	Électro · Deep house planante
T1223	Gil Scott-Heron	Morning Thoughts	Jazz · Jazz-funk & groove
T1224	Gil Scott-Heron & Brian Jackson	The Bottle	Jazz · Jazz-funk & groove
T1225	Gilberto Gil	Aos Pés da Cruz	Brésil · Bossa nova
T1226	Gilberto Gil	Flora	Brésil · MPB douce
T1227	Gilberto Gil	Palco	Brésil · Samba & groove
T1228	Giorgi Kubaneishvili	The Color Of	Électro · Deep house planante
T1229	Giovanni Damico	Italians In A Line	Électro · Nu-disco & synth
T1230	Giovanni Mirabassi	Convite para a Vida (feat. Gianluca Renzi & Leon Parker)	Jazz · Bop & cool nocturne
T1231	Girls of the Internet	Sound Asleep	Électro · Deep house planante
T1232	Girls of the Internet	When U Go (Edit)	Électro · Deep house vocale
T1233	Girma Hadgu	Ené Alantchi Alnorem (I Can't Live Without You)	Jazz · Ethio-jazz
T1234	Give Me 5 Prod.	James Deano, Rizla, Caballero, Nekfeu,Seyté, Alpha Wann, Jean Jass Freestyle Give me 5 prod.	Rap · FR énergique
T1235	Glass Duo	Karol Szymanowski played on the Theremin & the Glass Harp	Classique · Moderne contemplatif
T1236	GLemix	Love Frequency	Électro · House
T1237	Gnawa Diffusion	Ombre elle	Maghreb · Gnawa
T1238	Goedi	Le sigarette (Goedi Rmx) (feat. Frah Quintale)	Électro · Downtempo chill
T1239	Golden Hands	Take Me Back	Funk · Funk, boogie & disco
T1240	Goldie Alexander	Show You My Love	Funk · Funk, boogie & disco
T1241	Goody Goody	It Looks Like Love	Funk · Funk, boogie & disco
T1242	Gorillaz	Detroit	Électro · Ambient & nappes
T1243	Goro Noguchi	21世紀箱舟の出帆 - The Departure Of 21th Century's Ark	Jazz · Fusion énergique
T1244	Goro Noguchi	グッド・ナイト - Good Night	Pop · Ballades
T1245	Goro Noguchi	ボトル・レタア - Bottled Letter	Pop · City pop & disco
T1246	Goro Noguchi	北回帰線 - The Tropic Of Cancer	Pop · City pop & disco
T1247	Goro Noguchi	少女よ - Little Girl	Pop · City pop & disco
T1248	Goro Noguchi	新宿午前四時 - Shinjuku 4:00 A.M.	Pop · City pop & disco
T1249	Goro Noguchi	汚さずにいられない - I Can't Stop Lovin' You	Pop · City pop & disco
T1250	Goro Noguchi	狂った地球 - A Crazy Fruit	Pop · City pop & disco
T1251	Goro Noguchi	紀元0年 - Zero A.D.	Jazz · Jazz-funk & groove
T1252	Goro Noguchi	航海日誌 - In My Log Book	Jazz · Fusion planante
T1253	Goro Noguchi	薔薇 - Roses	Jazz · Fusion planante
T1254	Gotts Street Park	Got To Be Good	Soul · R&B & neo soul groovy
T1255	Gotts Street Park	Mountains	Soul · R&B & neo soul posés
T1256	Gotts Street Park	Tell Me Why	Soul · R&B & neo soul posés
T1257	Gracy Hopkins	The Canção: Family (feat. Faktiss)	Rap · FR groovy
T1258	Grand V	F1	Électro · Techno percutante
T1259	Green Montana	CHAQUE JOUR DE LA SEMAINE	Rap · FR cloud & spleen
T1260	Greg Spero	Careless (Tiny Room Sessions)	Jazz · Jazz-funk & groove
T1261	Grégoire Blanc	Mozart | Lacrimosa from Requiem in D minor | Theremin choir and piano	Classique · Baroque lent
T1262	Grégoire Blanc	Pink Floyd - The Great Gig In The Sky | Theremin, Continuum & Vintage Synthesizer	Rock · Psyché & prog rêveur
T1263	Grégoire Blanc	Schindler's List Theme | Theremin & Piano	Classique · Moderne contemplatif
T1264	Gregory Porter	Hey Laura	Jazz · Vocal & ballades
T1265	Gregory Porter	L-O-V-E	Jazz · Swing & big band
T1266	Gregory Porter	Liquid Spirit (Claptone Remix)	Électro · Deep house vocale
T1267	Gregory Porter	Musical Genocide	Jazz · Jazz-funk & groove
T1268	Gregory Porter	Smile	Jazz · Vocal & ballades
T1269	Grems	Je la déteste	Rap · FR énergique
T1270	Grems	林檎	Rap · FR posé
T1271	Gros Mo	#Hulahoop	Rap · FR groovy
T1272	Gros Mo	Paradis Artificiel	Rap · FR posé
T1273	Grover Washington, Jr.	Just the Two of Us (feat. Bill Withers)	Jazz · Smooth & groovy
T1274	Grupo RYE	Carnal	Latino · Boléro, tango & ballades
T1275	GTI	Full Contact	Électro · Nu-disco & synth
T1276	Guillermo Portabales	Yo Te Canto Puerto Rico	Latino · Boléro, tango & ballades
T1277	Gunna	Banking On Me	Rap · US
T1278	GutoHorn	Tive Razão - Seu Jorge / Guto Horn Cover	Brésil · Samba & groove
T1279	Guy Cuevas	Obsession (The Nassau Mix)	Électro · Nu-disco & synth
T1280	Guy Gerber	One Day In May	Électro · Techno hypnotique
T1281	Guy Gerber	What To Do	Électro · Techno hypnotique
T1282	Guy Gerber	What To Do (&ME Remix)	Électro · Deep house planante
T1283	H&H SoulSurvivors	Be Right There (H&H Magic T Version Extended Mix)	Électro · House
T1284	Hadone	Taming the Passion	Électro · Techno percutante
T1285	Haipe Music	SMOU7AT (HAIPE RE-EDIT)	Électro · House
T1286	Halba x Foldino	Frisk (feat. Masamasa)	Rap · Ailleurs
T1287	Hamed Al Shaeri	Maktob Aleina	Orient · Pop arabe
T1288	Hameed El Shaery	Ya Saheb	Orient · Pop arabe
T1289	Hameed El Shaery	Yakfeny Nasmaa Sotak	Orient · Pop arabe
T1290	Hamid El Kasri	Allal	Maghreb · Gnawa
T1291	Hamid El Sha'ery	Shantet Safar	Orient · Pop arabe
T1292	Hamid El Shaeri	Ayonha	Orient · Pop arabe
T1293	Hamid El Shaeri	Law Konty	Orient · Pop arabe
T1294	Hamid El Shaeri	Ouda	Orient · Pop arabe
T1295	Hamid El Shaeri	Reet	Orient · Pop arabe
T1296	Hamid El Shaeri - حميد الشاعري	Git Ya Sheta	Orient · Pop arabe
T1297	Hamza	1994	Rap · FR introspectif
T1298	Hamza	Bac +12 (feat. Koba LaD)	Rap · FR énergique
T1299	Hamza	Cash Time	Rap · FR énergique
T1300	Hamza	Codéine 19	Rap · FR posé
T1301	Hamza	Gasolina (feat. Gambi)	Rap · FR énergique
T1302	Hamza	God Bless (feat. Damso)	Rap · FR sombre
T1303	Hamza	Godzilla	Rap · FR énergique
T1304	Hamza	Henny Me Noie	Rap · FR introspectif
T1305	Hamza	HS (feat. SCH)	Rap · FR sombre
T1306	Hamza	Juste une Minute	Rap · FR groovy
T1307	Hamza	Life	Rap · FR groovy
T1308	Hamza	Ma Réalité	Rap · FR cloud & spleen
T1309	Hamza	Mi Gyal	Rap · FR groovy
T1310	Hamza	Minuit 13 (feat. Christine and the Queens & Oxmo Puccino)	Rap · FR introspectif
T1311	Hamza	Netflix	Rap · FR sombre
T1312	Hamza	Sincèrement	Rap · FR cloud & spleen
T1313	Hamza	Tu Me Donne Des Idées	Rap · FR groovy
T1314	Hamza	Vibes	Rap · FR groovy
T1315	Hanna	I Needed	Électro · Deep house vocale
T1316	Hany Shenoda Ferqet Masr	El Sobheya	Orient · Fairouz, tarab & chanson
T1317	Hardsoul	Back Together (Director's Cut Classic Club Mix) (feat. Ron Carroll)	Électro · House
T1318	Hardsoul	Back Together (DJ Meme Classic Remix) (feat. Ron Carroll)	Électro · House
T1319	Hardsoul	Back Together (Main Classic Mix) (feat. Ron Carroll)	Électro · House
T1320	HARIS HAMZA	Alabass	Rap · Maghreb
T1321	Haris Hamza	Mchilli	Rap · Maghreb
T1322	HARIS HAMZA	Nsit	Rap · Maghreb
T1323	Harley	Supalife 2	Rap · Pays à préciser
T1324	Harry Thumann	Underwater Original Version 1979	Électro · Nu-disco & synth
T1325	Harumi	Fire by the River	Rock · Psyché & prog rêveur
T1326	Haruomi Hosono	Cosmic Surfin'	Jazz · Jazz-funk & groove
T1327	Haruomi Hosono	Slack Key Rumba	Folk · Folk acoustique & traditions
T1328	Haruomi Hosono	最後の楽園 - Saigono Rakuen	Électro · Ambient & nappes
T1329	Hash 24	Champagne Prototype	Électro · House
T1330	Hassan Boussou	Coubaili	Maghreb · Gnawa
T1331	Hassan Boussou	Fangara	Maghreb · Gnawa
T1332	Hassan Boussou	Hamouda	Maghreb · Gnawa
T1333	Hassan Boussou	Maya	Maghreb · Gnawa
T1334	Hassan Boussou	Nomade	Maghreb · Gnawa
T1335	Hassan Boussou	Sewarye	Maghreb · Gnawa
T1336	Hassan Boussou	Soumaya	Maghreb · Gnawa
T1337	Hassan Boussou	Zid el mal	Maghreb · Gnawa
T1338	Hayato Sumino	[Melodica × Grand Piano]  Howl's Moving Castle - Merry Go Round of Life  (Joe Hisaishi)	Classique · Moderne contemplatif
T1339	Hazel Scott	'Round Midnight	Jazz · Vocal & ballades
T1340	HDA Pianomusic	Chopin - Prelude Op.28 No.20 in C Minor	Classique · Romantique tendre
T1341	Headie One	Back to Basics (Floating Points Remix) (feat. Skepta)	Rap · UK
T1342	Helge Antoni	Rustle of Spring, Op. 32, No. 3	Classique · Romantique passionné
T1343	Henri Salvador	Jardin d'hiver	Brésil · Bossa nova
T1344	Henry Wu & Tito Wun	Don Müller	Électro · Broken beat & nu jazz
T1345	Herbert	I Hadn't Known (I Only Heard)	Électro · House
T1346	Herbie Hancock	Gentle Thoughts	Jazz · Jazz-funk & groove
T1347	Herbie Hancock	Hidden Shadows	Jazz · Jazz-funk & groove
T1348	Herbie Hancock	Hornets	Jazz · Jazz-funk & groove
T1349	Herbie Hancock	Ostinato (Suite for Angela)	Jazz · Fusion planante
T1350	Herbie Hancock	Quasar	Jazz · Spiritual jazz
T1351	Herbie Hancock	Rain Dance	Jazz · Spiritual jazz
T1352	Herbie Hancock	Sleeping Giant	Jazz · Spiritual jazz
T1353	Herbie Hancock	Wandering Spirit Song	Jazz · Spiritual jazz
T1354	Herbie Hancock	Water Torture	Jazz · Spiritual jazz
T1355	Herbie Hancock	You'll Know When You Get There	Jazz · Fusion planante
T1356	Herbie Mann	Consolation (Consolacao)	Brésil · Bossa nova
T1357	Herbie Mann	Rosa Morena	Brésil · Bossa nova
T1358	Hermanos Gutiérrez	Hoy Como Ayer	Folk · Folk acoustique & traditions
T1359	Hesham Nour	Oyoun Habibi	Orient · Fairouz, tarab & chanson
T1360	Hessa	Funky Talks	Électro · Techno percutante
T1361	Hi-Fi Set	スカイレストラン - Sky Restaurant	Pop · City pop & disco
T1362	Hidden Spheres	Too Soon	Électro · Deep house instrumentale
T1363	Hidden Spheres	Waiting	Électro · Deep house instrumentale
T1364	hierogliphix	Gran Turismo Sessions (Music Similar To The GT OST)	Jazz · Jazz-funk & groove
T1365	Hindi Zahra	Imik Si Mik (Remastered Version)	Maghreb · Traditions
T1366	Hiroshi Suzuki	Romance	Jazz · Jazz-funk & groove
T1367	Hoba Hoba Spirit	Aourioura	Rock · Rock énergique
T1368	Hoba Hoba Spirit	La logique	Rock · Rock énergique
T1369	Hoba Hoba Spirit	Super Caid	Rock · Rock énergique
T1370	Hologram Lo'	Le biff et moi	Rap · FR sombre
T1371	HÖR BERLIN	DJ Balduin | HÖR - January 16 / 2024	Électro · House
T1372	HÖR BERLIN	Keinemusik - Adam Port | HÖR - Mar 2 / 2022	Électro · House
T1373	HÖR BERLIN	NECHTO - Stef Mendesidis (LIVE) | HÖR - May 18 / 2022	Électro · Techno percutante
T1374	HoraceIsaac SoWhatSessions	Gil Scott Heron - We almost Lost Detroit	Soul · Soul ballades
T1375	Hotel Ugly	The Ballad of Eddie Jabuley	Soul · R&B & neo soul posés
T1376	House Six	Fantastic Man - A Little Bit More	Électro · Deep house instrumentale
T1377	Howlin' Wolf	Killing Floor	Rock · Blues qui groove
T1378	Howling	Bind	Électro · Downtempo chill
T1379	Howling	Bind (Rampa Remix)	Électro · Deep house planante
T1380	Hraach	Deep Strings	Électro · Deep house planante
T1381	Hubert Sumlin	Sometimes I'm Right	Rock · Blues qui groove
T1382	Hugo Tsr	Fenêtre Sur Rue	Rap · FR introspectif
T1383	Human Experiments	Persistence	Électro · Techno percutante
T1384	Human Safari	Fragments	Électro · Techno percutante
T1385	Human Safari	Jazz Affair	Électro · Techno percutante
T1386	I:Cube	Adore	Électro · Deep house planante
T1387	I Monster	Daydream in Blue (BBC Radio 2 Session)	Électro · Downtempo chill
T1388	Ian O'Donovan	Forever Untold (Satoshi Fumi Remix)	Électro · Techno hypnotique
T1389	Ian Pooley	CompuRhythm (Dixon 4/4 Treatment)	Électro · Deep house instrumentale
T1390	Ian Rees	Jazzy Funk Boi 3000	Jazz · Jazz-funk & groove
T1391	IASAM	Copernic	Électro · Ambient & nappes
T1392	Ibrahim Maalouf	True Sorry	Jazz · Fusion énergique
T1393	Ice	Ozan Koukle	Funk · Afrobeat
T1394	Ice Cube	You Know How We Do It	Rap · US
T1395	Ichika Nito	I Play 14 String Guitar	Rock · Psyché & prog rêveur
T1396	Ida Engberg	Disco Volante (Sébastien Léger Remix)	Électro · Techno hypnotique
T1397	İdil Biret	Piano Sonata No. 1 in D Minor, Op. 28: II. Lento	Classique · Romantique tendre
T1398	Ignez	Aventurine	Électro · Techno hypnotique
T1399	Ignez	Oceanid	Électro · Techno hypnotique
T1400	Ignez	Seraphic	Électro · Techno hypnotique
T1401	Ignez	Telomere	Électro · Techno hypnotique
T1402	Igor Levit	Klavierstück in B Minor	Classique · Romantique tendre
T1403	Ikaz Boi	Pyramid tokyo (feat. Joke)	Rap · FR sombre
T1404	Ilario Alicante	Vacaciones En Chile	Électro · Techno percutante
T1405	illi	Escale	Pop · Indie & synth-pop douce
T1406	Iman Europe	masterpiece.	Soul · R&B & neo soul posés
T1407	Imarhan	Tarha Tadagh	Afrique · Folk, blues & mandingue
T1408	Incognito	1975 (feat. Joy Rose)	Jazz · Jazz-funk & groove
T1409	Indochine	L'aventurier	Pop · Indie & synth-pop dansante
T1410	Ino Casablanca	DIMA RAVE	Électro · Techno percutante
T1411	Intercell	Stef Mendesidis [live] at Intercell x BCCO | ADE 2023	Électro · Techno percutante
T1412	Isaac Carter	Calling on Me	Électro · Deep house instrumentale
T1413	Isaac Delusion	couleur menthe à l'eau	Pop · Indie & synth-pop douce
T1414	Isaac Hayes	Theme From "Shaft" (Remastered 1991 Album Version)	Funk · Funk, boogie & disco
T1415	Isabelle Mayereau	Jeux de regards	Pop · Variété française
T1416	Isaiah Rashad	Headshots (4r da Locals)	Rap · US
T1417	ISAO SUZUKI	LOVING LASH	Jazz · Bop & cool nocturne
T1418	Issam	Bavra (feat. ElGrandeToto)	Rap · Maghreb
T1419	ISSAM	Hendrix	Rap · Maghreb
T1420	Issam	Makinch Zhar	Rap · Maghreb
T1421	Issam	Nike	Rap · Maghreb
T1422	ISSAM	Rai Machi Punk	Rap · Maghreb
T1423	ISSAM	Sweet Love	Rap · Maghreb
T1424	Issam	Trap Beldi	Rap · Maghreb
T1425	ISSAM	Wra Tabi3a	Rap · Maghreb
T1426	Issam Hajali	Ada	Orient · Fairouz, tarab & chanson
T1427	Ivan Aničić	Pink Floyd - Echoes - Live at Pompeii (full video)	Rock · Psyché & prog rêveur
T1428	Ivan Yanakov	Eight Concert Etudes, Op. 40: Finale	Classique · Moderne tendu
T1429	Ivana June	In Time	Soul · R&B & neo soul posés
T1430	J. Cole	Wet Dreamz	Rap · US
T1431	J. Cole	Work Out	Rap · US
T1432	J. S. Bach	Cello Suite No. 2 in D minor, BWV 1008	Classique · Baroque lent
T1433	J9ueve	Distanciel	Rap · FR groovy
T1434	J9ueve	Flou	Rap · FR introspectif
T1435	J9ueve	LE MONDE ETAIT A NOUS	Rap · FR cloud & spleen
T1436	J9ueve	Margiela	Rap · FR introspectif
T1437	J9ueve	Sans toi (feat. Zamdane)	Rap · FR cloud & spleen
T1438	J9ueve	Tous Mes États (feat. La Fève)	Rap · FR groovy
T1439	Jack Harlow	Like A Blade Of Grass	Rap · US
T1440	Jack Harlow	WALK IN THE PARK	Rap · US
T1441	Jack Harlow	Wasted Youth (feat. Shloob)	Rap · US
T1442	Jack J	Something (On My Mind)	Électro · Deep house instrumentale
T1443	Jack McDuff	Summer Dream	Jazz · Jazz-funk & groove
T1444	Jackson 5	Who's Lovin' You	Soul · Soul ballades
T1445	Jackson Homer	IDEA OF US	Pop · Indie & synth-pop douce
T1446	Jaco Pastorius	Portrait of Tracy	Jazz · Fusion planante
T1447	Jacob Gurevitsch	Lovers in Paris (Willie May Remix)	Électro · Downtempo chill
T1448	Jacob's Piano	G Minor Bach (From "Piano Tiles 2")	Classique · Baroque lent
T1449	Jacob's Piano	Mariage d'Amour	Classique · Moderne contemplatif
T1450	Jacques Loussier	Concerto italien BWV 971 en fa majeur - Allegro	Jazz · Bop qui swingue
T1451	Jacques Loussier	Fantaisie en ut mineur BWV 906	Jazz · Bop qui swingue
T1452	Jacques Loussier	Fugue No.1 en ut majeur, BWV 846	Jazz · Bop qui swingue
T1453	Jacques Loussier	Fugue No.2 en ut mineur, BWV 847	Jazz · Bop qui swingue
T1454	Jacques Loussier	Fugue No.5 en ré majeur, BWV 850	Jazz · Bop qui swingue
T1455	Jacques Loussier	Partita N 1 BWV 825 En Si Bémol Majeur-Allemande	Jazz · Bop qui swingue
T1456	Jacques Loussier	Partita N 1 BWV 825 En Si Bémol Majeur-Sarabande	Jazz · Bop & cool nocturne
T1457	Jacques Loussier	Prélude N 21 En Si Bemol Majeur Clavier Bien Tempere Livre I BWV 866	Jazz · Bop qui swingue
T1458	Jacques Loussier	Prélude N 6 En Ré Mineur Clavier Bien Tempere Livre I BWV 851	Jazz · Bop qui swingue
T1459	Jacques Loussier	Prélude No.1 en ut majeur, BWV 846	Jazz · Bop & cool nocturne
T1460	Jacques Loussier	Prélude No.2 en ut mineur, BWV 847	Jazz · Bop qui swingue
T1461	Jacques Loussier	Prélude No.5 en ré majeur, BWV 850	Jazz · Bop qui swingue
T1462	Jacques Loussier	Prélude No.8 en ré dièse majeur, BWV 853	Jazz · Bop & cool nocturne
T1463	Jacques Loussier	Sonate Pour Flute Et Clavecin En Mi Bemol Majeur BWV 1031 (Sicilienne En Sol Mineur)	Jazz · Bop & cool nocturne
T1464	Jacques Loussier	Suite Pour Orchestre N 3 En Ré Majeur BWV 1068 (Aria)	Jazz · Bop & cool nocturne
T1465	Jacques Loussier	Toccata En Ut Majeur BWV 564 Adagio (Instrumental)	Jazz · Bop & cool nocturne
T1466	Jacques Loussier	Toccata et Fugue en ré mineur, BWV 565	Jazz · Bop qui swingue
T1467	Jacques Loussier Trio	Gnossienne No. 1	Jazz · Bop & cool nocturne
T1468	Jacques Loussier Trio	Goldberg Variations: Variation 3	Jazz · Bop & cool nocturne
T1469	Jaden	The Coolest - Jaden	Rap · US
T1470	Jaffa	Sneakin' (vocal)	Électro · Downtempo chill
T1471	Jake Antonio	wants and needs	Pop · Indie & synth-pop douce
T1472	Jalen Santoy	Foreplay	Rap · US
T1473	Jam Along Backing Tracks	Funk Fusion Backing Track | Cm | Greg Howe–Inspired	Jazz · Jazz-funk & groove
T1474	James Daniels	Central Cee - "Doja" SUS PARODY (Official Video)	Rap · UK
T1475	Jamiroquai	Alright	Jazz · Jazz-funk & groove
T1476	Jamiroquai	Blow Your Mind	Jazz · Jazz-funk & groove
T1477	Jamiroquai	Cosmic Girl	Jazz · Jazz-funk & groove
T1478	Jamiroquai	Little L	Jazz · Jazz-funk & groove
T1479	Jamiroquai	Seven Days in Sunny June	Jazz · Jazz-funk & groove
T1480	Jamiroquai	Space Cowboy	Jazz · Jazz-funk & groove
T1481	Jamiroquai	Talullah	Soul · Soul ballades
T1482	Jamiroquai	Too Young to Die	Jazz · Jazz-funk & groove
T1483	Jamiroquai	Virtual Insanity (Remastered 2006)	Jazz · Jazz-funk & groove
T1484	Jamiroquai	You Give Me Something	Jazz · Jazz-funk & groove
T1485	Jan Blomqvist	Dancing People Are Never Wrong (feat. The Bianca Story)	Électro · Deep house planante
T1486	Jane	CPE Bach Solfeggietto in C minor, H 220, Wq. 117/2 Piano Tutorial	Classique · Baroque vif
T1487	Javier Santiago	Ancestor's Blues (feat. Wonway Posibul & Elena Pinderhughes)	Jazz · Smooth & groovy
T1488	Jay Tripwire	Dema (Delano Smith Transit Dub) (feat. Boddhi Satva)	Électro · Deep house instrumentale
T1489	Jazz Liberatorz	Ease My Mind (feat. Tre Hardson, Fat Lip & Omni)	Rap · FR groovy
T1490	jazzbois	Song of Hope	Rap · Ailleurs
T1491	Jazzy Bazz	Albiceleste (feat. Josman)	Rap · FR énergique
T1492	Jazzy Bazz	Cinq heures du matin	Rap · FR introspectif
T1493	Jazzy Bazz	Éternité (feat. Nekfeu)	Rap · FR introspectif
T1494	Jazzy Bazz	.RAW Spleen (feat. Laylow)	Rap · FR cloud & spleen
T1495	Jean du Voyage	Shanti (feat. Djéla & Pierre Harmegnies)	Électro · Ambient & nappes
T1496	Jean-Luc Ponty	Aurora (Pt. I)	Jazz · Fusion planante
T1497	Jean-Luc Ponty	Aurora (Pt. II)	Jazz · Fusion énergique
T1498	Jean-Luc Ponty	Between You and Me	Jazz · Fusion planante
T1499	Jean-Luc Ponty	Cosmic Messenger	Jazz · Fusion énergique
T1500	Jean-Luc Ponty	Don't Let the World Pass You By	Jazz · Fusion énergique
T1501	Jean-Luc Ponty	Egocentric Molecules	Jazz · Fusion énergique
T1502	Jean-Luc Ponty	Ethereal Mood	Jazz · Fusion planante
T1503	Jean-Luc Ponty	Fake Paradise	Jazz · Fusion énergique
T1504	Jean-Luc Ponty	I Only Feel Good with You	Jazz · Fusion planante
T1505	Jean-Luc Ponty	Imaginary Voyage (Pt. I)	Jazz · Fusion énergique
T1506	Jean-Luc Ponty	Imaginary Voyage (Pt. II)	Jazz · Fusion énergique
T1507	Jean-Luc Ponty	Imaginary Voyage (Pt. III)	Jazz · Fusion énergique
T1508	Jean-Luc Ponty	Imaginary Voyage (Pt. IV)	Jazz · Fusion énergique
T1509	Jean-Luc Ponty	In the Kingdom of Peace	Jazz · Fusion planante
T1510	Jean-Luc Ponty	Is Once Enough?	Jazz · Fusion énergique
T1511	Jean-Luc Ponty	Lost Forest	Jazz · Fusion planante
T1512	Jean-Luc Ponty	New Country	Jazz · Fusion énergique
T1513	Jean-Luc Ponty	Once Upon a Dream	Jazz · Fusion planante
T1514	Jean-Luc Ponty	Passenger of the Dark	Jazz · Fusion énergique
T1515	Jean-Luc Ponty	Puppet's Dance	Jazz · Fusion énergique
T1516	Jean-Luc Ponty	Renaissance	Jazz · Fusion énergique
T1517	Jean-Luc Ponty	Tarantula	Jazz · Fusion énergique
T1518	Jean-Luc Ponty	The Art of Happiness	Jazz · Fusion énergique
T1519	Jean-Luc Ponty	The Gardens of Babylon	Jazz · Fusion énergique
T1520	Jean-Luc Ponty	Waking Dream	Jazz · Fusion planante
T1521	Jean-Luc Ponty	Wandering on the Milky Way (Violin Solo)	Jazz · Fusion planante
T1522	Jean-Yves Thibaudet	Debussy: Rêverie, CD 76	Classique · Moderne contemplatif
T1523	Jean-Yves Thibaudet	Satie: Gymnopédie No. 1. Lent et douloureux	Classique · Moderne contemplatif
T1524	Jeanette	El Muchacho de los Ojos Tristes	Pop · Ballades
T1525	JeanJass	Derrière ses oreilles	Rap · FR groovy
T1526	JeanJass	Goldman	Rap · FR groovy
T1527	JeanJass	Mes jambes	Rap · FR groovy
T1528	JeanJass	Olympien	Rap · FR énergique
T1529	JeanJass	Pippo inzaghi	Rap · FR groovy
T1530	JeanJass	Vivre autrement	Rap · FR groovy
T1531	JeanJass & Le Seize	Saint jass de compostelle	Rap · FR groovy
T1532	JeanJass & Le Seize	Veillée	Rap · FR posé
T1533	Jeff Mills	Metropolis Metropolis	Électro · Techno percutante
T1534	JEFF MILLS	The Bells	Électro · Techno percutante
T1535	Jenő Jandó	Liebesträume, S. 541: No. 3: Nocturne in A-Flat Major	Classique · Romantique tendre
T1536	Jerry Ropero	Coraçao (Club Mix) (feat. Jaqueline)	Électro · House
T1537	Jesus Molina	Night in Tunisia	Jazz · Latin jazz
T1538	Jeune Mort	80mg	Rap · FR sombre
T1539	Jeune Mort	Cavale	Rap · FR sombre
T1540	Jeune Mort	Coeur cassé	Rap · FR introspectif
T1541	Jeunesaint	Pu$$y Tsunami	Rap · Pays à préciser
T1542	Jevetta Steele	Calling You (Bagdad Cafe/Soundtrack Version)	Pop · Ballades
T1543	Jhelisa	Friendly Pressure	Jazz · Jazz-funk & groove
T1544	Jhelisa	Friendly Pressure (Into The Sunshine Edit)	Électro · Broken beat & nu jazz
T1545	Jhelisa	Friendly Pressure (Into The Sunshine Mix)	Jazz · Jazz-funk & groove
T1546	Jim Morrison	Ghost Song	Rock · Psyché & prog nerveux
T1547	Jimmy Fontana	Il mondo	Pop · Ballades
T1548	Jimmy Sax	No Man No Cry	Électro · Deep house instrumentale
T1549	Jiro Inagaki and His Soul Media	Breeze	Jazz · Jazz-funk & groove
T1550	Jiro Inagaki and His Soul Media	Four Up	Jazz · Jazz-funk & groove
T1551	Jiro Inagaki and His Soul Media	Funky Motion	Jazz · Jazz-funk & groove
T1552	Jiro Inagaki and His Soul Media	Funky Stuff	Jazz · Jazz-funk & groove
T1553	Jiro Inagaki and His Soul Media	Gentle Wave	Jazz · Jazz-funk & groove
T1554	Jiro Inagaki and His Soul Media	One for Jiroh	Jazz · Jazz-funk & groove
T1555	Jiro Inagaki and His Soul Media	Painted Paradise	Jazz · Jazz-funk & groove
T1556	Jiro Inagaki and His Soul Media	Scratch	Jazz · Jazz-funk & groove
T1557	Jitwam	Back to My Place	Électro · Deep house vocale
T1558	Jitwam	I'm a Rock	Soul · R&B & neo soul groovy
T1559	Jitwam	Opendoors	Électro · Broken beat & nu jazz
T1560	JKriv	Emmanuel	Électro · Downtempo chill
T1561	JMSN	Talk Is Cheap	Soul · Soul groovy
T1562	Jo.Ke	Who Loves The Sun	Électro · Deep house planante
T1563	Joachim Garraud	Joachim Garraud & Friends - KFUQWSW	Électro · Breaks & drum'n'bass
T1564	Joachim Pastor	Millenium	Électro · Techno hypnotique
T1565	Joan Baez	Diamonds And Rust	Folk · Folk acoustique & traditions
T1566	João Bosco	A Nível De...	Brésil · Samba & groove
T1567	João Bosco	Papel Machê	Brésil · Samba & groove
T1568	João Donato	Chorou, Chorou	Brésil · Samba & groove
T1569	Joao Gilberto	All of Me (Disse alguem)	Brésil · Bossa nova
T1570	Joao Gilberto	Aquarela do Brasil	Brésil · Bossa nova
T1571	João Gilberto	Aquarela do Brasil (Participação especial de Gilberto Gil e Caetano Veloso) (feat. Caetano Veloso & Gilberto Gil)	Brésil · Bossa nova
T1572	João Gilberto	Chega De Saudade	Brésil · Bossa nova
T1573	Joao Gilberto	Estate	Brésil · Bossa nova
T1574	João Gilberto	Nao Vou Pra Casa	Brésil · Bossa nova
T1575	Joao Gilberto	Tin Tin Por Tin Tin	Brésil · Bossa nova
T1576	Jocelyn Brown	Believe (Ministers Vocal Mix)	Électro · House
T1577	Jocelyn Brown	Somebody Else's Guy	Funk · Funk, boogie & disco
T1578	Joe Armon-Jones	Midnite Oil (Sparkzzz)	Électro · Broken beat & nu jazz
T1579	Joe Bataan	Call My Name	Soul · Soul groovy
T1580	Joe Bataan	Latin Lover	Latino · Salsa & latin soul
T1581	Joe Bataan	Latin Lover (Specter Edit)	Latino · Salsa & latin soul
T1582	Joe Bataan	Muchacho Ordinario (2022 - Remaster)	Latino · Salsa & latin soul
T1583	Joe Dassin	Marie-Jeanne	Pop · Variété française
T1584	Joe Dassin	Salut	Pop · Variété française
T1585	Joe Henderson	Inner Urge (Remastered 2004/Rudy Van Gelder Edition)	Jazz · Bop qui swingue
T1586	Joe Hisaishi	Merry-Go-Round of Life (from 'Howl's Moving Castle')	Classique · Moderne contemplatif
T1587	Joe Pass	Django	Jazz · Bop & cool nocturne
T1588	Joe Pass	I Cover the Waterfront	Jazz · Vocal & ballades
T1589	Joe Saiyan	Dragon Ball Sparking Zero Kame House OST EXTENDED	Électro · Downtempo chill
T1590	Joe Sample	In All My Wildest Dreams	Jazz · Lounge & jazz d'ambiance
T1591	Joe Sansom	3 hour vinyl deep house & techno dj mix | Joe Sansom	Électro · Deep house instrumentale
T1592	Joel Holmes	Pose	Électro · Nu-disco & synth
T1593	Joep Beving	Morpheus' Dream	Classique · Moderne contemplatif
T1594	Joey Bada$$	Righteous Minds	Rap · US
T1595	Johan Papaconstantino	Les mots bleus	Pop · Variété française
T1596	Johann Sebastian Bach	Prelude in C minor BWV 999	Classique · Baroque lent
T1597	John Cameron	Liquid Sunshine	Jazz · Lounge & jazz d'ambiance
T1598	John Coltrane	Equinox	Jazz · Bop & cool nocturne
T1599	John Coltrane	Giant Steps (2020 Remaster)	Jazz · Bop qui swingue
T1600	John Coltrane Quartet	Soul Eyes	Jazz · Bop & cool nocturne
T1601	John McDuffy "Brother Jack McDuff"	The Shadow of Your Smile	Jazz · Vocal & ballades
T1602	John Wasson	Caravan	Jazz · Swing & big band
T1603	Johnny Griffin	All The Things You Are	Jazz · Bop qui swingue
T1604	Johnny Griffin	Ball Bearing (feat. John Coltrane)	Jazz · Bop qui swingue
T1605	Johnny Griffin	Smoke Stack (Alternate Take) (feat. John Coltrane)	Jazz · Bop qui swingue
T1606	Johnny Griffin	Smoke Stack (feat. John Coltrane)	Jazz · Bop qui swingue
T1607	Johnny Griffin	The Way You Look Tonight (feat. John Coltrane)	Jazz · Bop qui swingue
T1608	Johnny Hammond	Can't We Smile?	Jazz · Jazz-funk & groove
T1609	Johnny Hammond	Tell Me What To Do	Jazz · Jazz-funk & groove
T1610	Johnny Heyward	「もし君が･････」　草刈正雄	Pop · City pop & disco
T1611	Johnny Smith	Embraceable You (2001 Remaster)	Jazz · Bop & cool nocturne
T1612	Johnny Smith	Gypsy in My Soul (2001 Remaster)	Jazz · Bop & cool nocturne
T1613	Johnny Smith	Misty (2001 Remaster)	Jazz · Bop & cool nocturne
T1614	Jojo DiMitri	Living Mice - C418 WITH Drums	Électro · Downtempo chill
T1615	Jok'air	Clic Clac Bang Bang	Rap · FR énergique
T1616	Joke	2014 à l'infini	Rap · FR énergique
T1617	Jon Cutler	It's Yours (Distant Music Mix) (feat. E-Man)	Électro · Deep house vocale
T1618	Jon Cutler	It's Yours (Radio Edit) (feat. E-Man)	Électro · House
T1619	Jon Sable	Imperfect Circuit	Électro · Techno percutante
T1620	Jordan Lee	In Between Feelings (feat. HolyBrune)	Soul · R&B & neo soul posés
T1621	Jordi Roblox1	Solid Slider - Tatsuro yamashita	Pop · City pop & disco
T1622	Jorge Ben	Por Causa De Você, Menina	Brésil · Samba & groove
T1623	José Vicentes	Cautela	Latino · Boléro, tango & ballades
T1624	Josh LaSota	What if The Strokes recorded Instant Crush by Daft Punk?	Rock · Rock énergique
T1625	Joshua Rifkin	Solace - A Mexican Serenade	Jazz · Vocal & ballades
T1626	Josman	3ein / Risotto Gambas	Rap · FR sombre
T1627	Josman	50k€	Rap · FR énergique
T1628	Josman	À feu doux...	Rap · FR groovy
T1629	Josman	AhGars!	Rap · FR énergique
T1630	Josman	Ailleurs	Rap · FR groovy
T1631	Josman	Apple Pay	Rap · FR énergique
T1632	Josman	Au Bout	Rap · FR introspectif
T1633	Josman	CARLO	Rap · FR énergique
T1634	Josman	Cocktail	Rap · FR groovy
T1635	Josman	Cohiba	Rap · FR groovy
T1636	Josman	Cotton Club Freestyle (Remix)	Rap · FR groovy
T1637	Josman	Dans Le Ciel	Rap · FR posé
T1638	Josman	Dans le vide	Rap · FR cloud & spleen
T1639	Josman	Doré	Rap · FR énergique
T1640	Josman	Goal	Rap · FR énergique
T1641	Josman	Interdit (Interlude)	Rap · FR introspectif
T1642	Josman	J'aime Bien!	Rap · FR énergique
T1643	Josman	L'Occasion	Rap · FR groovy
T1644	Josman	La Danse de la Joie	Rap · FR introspectif
T1645	Josman	Les Flammes	Rap · FR énergique
T1646	Josman	Lifestyle	Rap · FR énergique
T1647	Josman	McQueen / Givenchy	Rap · FR sombre
T1648	Josman	Mort Ce soir	Rap · FR sombre
T1649	Josman	P.O.V.	Rap · FR groovy
T1650	Josman	Peace, Haine, Love	Rap · FR introspectif
T1651	Josman	Problèmes de Riche	Rap · FR groovy
T1652	Josman	Rich Music	Rap · FR sombre
T1653	Josman	Tulum, México	Rap · FR posé
T1654	Josman	Un Zder, Un Thé	Rap · FR posé
T1655	Josman	Yacht & Champagne (Skit)	Rap · FR énergique
T1656	Joss Moog	Wil	Électro · Downtempo chill
T1657	Joutro Mundo	Olhos de Sá	Brésil · Samba & groove
T1658	Joy Orbison	born slipping (feat. TYSON)	Électro · Broken beat & nu jazz
T1659	JP Munii	I look left	Électro · House
T1660	Juan Antonio Canta	Rap de los 40 limones	Pop · Pop rock & pop dansante
T1661	JUL	Au bord de la mer	Rap · FR énergique
T1662	JUL	Comme d'hab (feat. Alonzo)	Rap · FR énergique
T1663	JUL	Coup de genoux	Rap · FR énergique
T1664	JUL	J'oublie tout	Rap · FR introspectif
T1665	JUL	La classe	Rap · FR énergique
T1666	JUL	On se régale (feat. Bengous)	Rap · FR énergique
T1667	JUL	Parfum quartier	Rap · FR énergique
T1668	JUL	Postiché (feat. PLK)	Rap · FR énergique
T1669	JUL	Vacancia	Rap · FR énergique
T1670	Julia Cload	Goldberg-Variationen, BWV 988: I. Aria	Classique · Baroque lent
T1671	Julia Cload	Goldberg-Variationen, BWV 988: II. Var. I	Classique · Baroque vif
T1672	Julia Cload	Goldberg-Variationen, BWV 988: III. Var. II	Classique · Baroque lent
T1673	Julia Cload	Goldberg-Variationen, BWV 988: IV. Var. III	Classique · Baroque vif
T1674	Julia Cload	Goldberg-Variationen, BWV 988: IX. Var. VIII	Classique · Baroque vif
T1675	Julia Cload	Goldberg-Variationen, BWV 988: V. Var. IV	Classique · Baroque vif
T1676	Julia Cload	Goldberg-Variationen, BWV 988: VI. Var. V	Classique · Baroque vif
T1677	Julia Cload	Goldberg-Variationen, BWV 988: VII. Var. VI	Classique · Baroque lent
T1678	Julia Cload	Goldberg-Variationen, BWV 988: VIII. Var. VII	Classique · Baroque lent
T1679	Julia Cload	Goldberg-Variationen, BWV 988: X. Var. IX	Classique · Baroque vif
T1680	Julia Cload	Goldberg-Variationen, BWV 988: XI. Var. X	Classique · Baroque vif
T1681	Julia Cload	Goldberg-Variationen, BWV 988: XII. Var. XI	Classique · Baroque vif
T1682	Julia Cload	Goldberg-Variationen, BWV 988: XIII. Var. XII	Classique · Baroque vif
T1683	Julia Cload	Goldberg-Variationen, BWV 988: XIV. Var. XIII	Classique · Baroque lent
T1684	Julia Cload	Goldberg-Variationen, BWV 988: XIX. Var. XVIII	Classique · Baroque vif
T1685	Julia Cload	Goldberg-Variationen, BWV 988: XV. Var. XIV	Classique · Baroque vif
T1686	Julia Cload	Goldberg-Variationen, BWV 988: XVI. Var. XV	Classique · Baroque lent
T1687	Julia Cload	Goldberg-Variationen, BWV 988: XVII. Var. XVI	Classique · Baroque vif
T1688	Julia Cload	Goldberg-Variationen, BWV 988: XVIII. Var. XVII	Classique · Baroque vif
T1689	Julia Cload	Goldberg-Variationen, BWV 988: XX. Var. XIX	Classique · Baroque lent
T1690	Julia Cload	Goldberg-Variationen, BWV 988: XXI. Var. XX	Classique · Baroque vif
T1691	Julia Cload	Goldberg-Variationen, BWV 988: XXII. Var. XXI	Classique · Baroque lent
T1692	Julia Cload	Goldberg-Variationen, BWV 988: XXIII. Var. XXII	Classique · Baroque vif
T1693	Julia Cload	Goldberg-Variationen, BWV 988: XXIV. Var. XXIII	Classique · Baroque vif
T1694	Julia Cload	Goldberg-Variationen, BWV 988: XXIX. Var. XXVIII	Classique · Baroque vif
T1695	Julia Cload	Goldberg-Variationen, BWV 988: XXV. Var. XXIV	Classique · Baroque lent
T1696	Julia Cload	Goldberg-Variationen, BWV 988: XXVI. Var. XXV	Classique · Baroque lent
T1697	Julia Cload	Goldberg-Variationen, BWV 988: XXVII. Var. XVI	Classique · Baroque vif
T1698	Julia Cload	Goldberg-Variationen, BWV 988: XXVIII. Var. XXVII	Classique · Baroque vif
T1699	Julia Cload	Goldberg-Variationen, BWV 988: XXX. Var. XXIX	Classique · Baroque vif
T1700	Julia Cload	Goldberg-Variationen, BWV 988: XXXI. Var. XXX	Classique · Baroque lent
T1701	Julia Cload	Goldberg-Variationen, BWV 988: XXXII. Aria da Capo	Classique · Baroque lent
T1702	Julia Cload	Prelude and Fugue in A-Flat Major, BWV 862: Fugue	Classique · Baroque vif
T1703	Julia Cload	Prelude and Fugue in A-Flat Major, BWV 862: Prelude	Classique · Baroque lent
T1704	Julia Cload	Prelude and Fugue in A Major, BWV 864: Fugue	Classique · Baroque vif
T1705	Julia Cload	Prelude and Fugue in A Major, BWV 864: Prelude	Classique · Baroque vif
T1706	Julia Cload	Prelude and Fugue in A Minor, BWV 865: Fugue	Classique · Baroque vif
T1707	Julia Cload	Prelude and Fugue in A Minor, BWV 865: Prelude	Classique · Baroque vif
T1708	Julia Cload	Prelude and Fugue in B-Flat Major, BWV 866: Fugue	Classique · Baroque vif
T1709	Julia Cload	Prelude and Fugue in B-Flat Major, BWV 866: Prelude	Classique · Baroque vif
T1710	Julia Cload	Prelude and Fugue in B-Flat Minor, BWV 867: Fugue	Classique · Baroque lent
T1711	Julia Cload	Prelude and Fugue in B-Flat Minor, BWV 867: Prelude	Classique · Baroque lent
T1712	Julia Cload	Prelude and Fugue in B Major, BWV 868: Fugue	Classique · Baroque vif
T1713	Julia Cload	Prelude and Fugue in B Major, BWV 868: Prelude	Classique · Baroque lent
T1714	Julia Cload	Prelude and Fugue in B Minor, BWV 869: Fugue	Classique · Baroque vif
T1715	Julia Cload	Prelude and Fugue in B Minor, BWV 869: Prelude	Classique · Baroque lent
T1716	Julia Cload	Prelude and Fugue in C Major, BWV 846: Fugue	Classique · Baroque vif
T1717	Julia Cload	Prelude and Fugue in C Major, BWV 846: Prelude	Classique · Baroque lent
T1718	Julia Cload	Prelude and Fugue in C Minor, BWV 847: Fugue	Classique · Baroque vif
T1719	Julia Cload	Prelude and Fugue in C Minor, BWV 847: Prelude	Classique · Baroque vif
T1720	Julia Cload	Prelude and Fugue in C-Sharp Major, BWV 848: Fugue	Classique · Baroque vif
T1721	Julia Cload	Prelude and Fugue in C-Sharp Major, BWV 848: Prelude	Classique · Baroque vif
T1722	Julia Cload	Prelude and Fugue in C-Sharp Minor, BWV 849: Fugue	Classique · Baroque vif
T1723	Julia Cload	Prelude and Fugue in C-Sharp Minor, BWV 849: Prelude	Classique · Baroque lent
T1724	Julia Cload	Prelude and Fugue in D Major, BWV 850: Fugue	Classique · Baroque vif
T1725	Julia Cload	Prelude and Fugue in D Major, BWV 850: Prelude	Classique · Baroque vif
T1726	Julia Cload	Prelude and Fugue in D Minor, BWV 851: Fugue	Classique · Baroque vif
T1727	Julia Cload	Prelude and Fugue in D Minor, BWV 851: Prelude	Classique · Baroque vif
T1728	Julia Cload	Prelude and Fugue in E-Flat Major, BWV 852: Fugue	Classique · Baroque vif
T1729	Julia Cload	Prelude and Fugue in E-Flat Major, BWV 852: Prelude	Classique · Baroque vif
T1730	Julia Cload	Prelude and Fugue in E-Flat Minor, BWV 853: Fugue	Classique · Baroque lent
T1731	Julia Cload	Prelude and Fugue in E-Flat Minor, BWV 853: Prelude	Classique · Baroque lent
T1732	Julia Cload	Prelude and Fugue in E Major, BWV 854: Fugue	Classique · Baroque vif
T1733	Julia Cload	Prelude and Fugue in E Major, BWV 854: Prelude	Classique · Baroque lent
T1734	Julia Cload	Prelude and Fugue in E Minor, BWV 855: Fugue	Classique · Baroque vif
T1735	Julia Cload	Prelude and Fugue in E Minor, BWV 855: Prelude	Classique · Baroque lent
T1736	Julia Cload	Prelude and Fugue in F Major, BWV 856: Fugue	Classique · Baroque vif
T1737	Julia Cload	Prelude and Fugue in F Major, BWV 856: Prelude	Classique · Baroque vif
T1738	Julia Cload	Prelude and Fugue in F Minor, BWV 857: Fugue	Classique · Baroque lent
T1739	Julia Cload	Prelude and Fugue in F Minor, BWV 857: Prelude	Classique · Baroque lent
T1740	Julia Cload	Prelude and Fugue in F-Sharp Major, BWV 858: Fugue	Classique · Baroque vif
T1741	Julia Cload	Prelude and Fugue in F-Sharp Major, BWV 858: Prelude	Classique · Baroque lent
T1742	Julia Cload	Prelude and Fugue in F-Sharp Minor, BWV 859: Fugue	Classique · Baroque vif
T1743	Julia Cload	Prelude and Fugue in F-Sharp Minor, BWV 859: Prelude	Classique · Baroque lent
T1744	Julia Cload	Prelude and Fugue in G Major, BWV 860: Fugue	Classique · Baroque vif
T1745	Julia Cload	Prelude and Fugue in G Major, BWV 860: Prelude	Classique · Baroque vif
T1746	Julia Cload	Prelude and Fugue in G Minor, BWV 861: Fugue	Classique · Baroque vif
T1747	Julia Cload	Prelude and Fugue in G Minor, BWV 861: Prelude	Classique · Baroque lent
T1748	Julia Cload	Prelude and Fugue in G-Sharp Minor, BWV 863: Fugue	Classique · Baroque vif
T1749	Julia Cload	Prelude and Fugue in G-Sharp Minor, BWV 863: Prelude	Classique · Baroque lent
T1750	Julia Cload	Preludes and Fugues: I. Fugue in C Minor, BWV 847	Classique · Baroque vif
T1751	Julia Cload	Preludes and Fugues: II. Prelude in D Minor, BWV 851	Classique · Baroque vif
T1752	Julia Cload	Preludes and Fugues: III. Fugue in D Minor, BWV 851	Classique · Baroque vif
T1753	Julia Cload	Preludes and Fugues: IV. Prelude in E Minor, BWV 855	Classique · Baroque lent
T1754	Julia Cload	Preludes and Fugues: IX. Fugue in F Major, BWV 856	Classique · Baroque vif
T1755	Julia Cload	Preludes and Fugues: V. Fugue in E Minor, BWV 855	Classique · Baroque vif
T1756	Julia Cload	Preludes and Fugues: VI. Prelude in A Minor, BWV 865	Classique · Baroque vif
T1757	Julia Cload	Preludes and Fugues: VII. Fugue in A Minor, BWV 865	Classique · Baroque vif
T1758	Julia Cload	Preludes and Fugues: VIII. Prelude in F Major, BWV 856	Classique · Baroque vif
T1759	Julia Cload	Preludes and Fugues: X. Prelude in G Major, BWV 860	Classique · Baroque vif
T1760	Julia Cload	Preludes and Fugues: XI. Fugue in G Major, BWV 860	Classique · Baroque vif
T1761	Julie London	I'm In The Mood For Love	Jazz · Vocal & ballades
T1762	Julio Iglesias	Je n'ai pas changé (No Vengo Ni Voy)	Pop · Ballades
T1763	Julio Iglesias	Moonlight Lady	Pop · Ballades
T1764	Jungle	Candle Flame	Soul · R&B & neo soul groovy
T1765	Jungle	I've Been In Love (feat. Channel Tres)	Soul · R&B & neo soul groovy
T1766	Jungle Jack	Dictons égyptiens	Rap · FR groovy
T1767	Jungle Jack	JUNGLE PACK	Rap · FR groovy
T1768	Jungle Jack	KABUKI	Rap · FR groovy
T1769	Junior Mance	Lilacs In The Rain	Jazz · Bop & cool nocturne
T1770	Jürgen Paape	Whisper Echo	Électro · Techno hypnotique
T1771	Justin Timberlake	Rock Your Body	Soul · R&B & neo soul groovy
T1772	Kadhem	Phula	Électro · Deep house instrumentale
T1773	Kadoc	The Nighttrain	Électro · House
T1774	KAFFKIEZ	Nie Allein	Pop · Indie & synth-pop douce
T1775	KAGAMI	Perfect Wave	Électro · Techno percutante
T1776	Kainalu	Queen of Wands	Pop · Indie & synth-pop dansante
T1777	Kalabrese	Is This	Électro · Deep house instrumentale
T1778	Kalabrese	Kafi Lied (feat. Palinstar)	Électro · Deep house instrumentale
T1779	Kaleidoscope Orchestra	Daft Punk Orchestra Medley	Classique · Moderne tendu
T1780	Kali Uchis	After The Storm (feat. Tyler, The Creator & Bootsy Collins)	Soul · R&B & neo soul groovy
T1781	Kali Uchis	Igual Que Un Ángel (feat. Peso Pluma)	Soul · R&B & neo soul posés
T1782	Kamasi Washington	Askim	Jazz · Spiritual jazz
T1783	Kamasi Washington	Change of the Guard	Jazz · Spiritual jazz
T1784	Kamasi Washington	Cherokee	Jazz · Spiritual jazz
T1785	Kamasi Washington	Clair de Lune	Jazz · Spiritual jazz
T1786	Kamasi Washington	Final Thought	Jazz · Spiritual jazz
T1787	Kamasi Washington	Henrietta Our Hero	Jazz · Spiritual jazz
T1788	Kamasi Washington	Isabelle	Jazz · Spiritual jazz
T1789	Kamasi Washington	Leroy and Lanisha	Jazz · Bop qui swingue
T1790	Kamasi Washington	Malcolm’s Theme	Jazz · Spiritual jazz
T1791	Kamasi Washington	Miss Understanding	Jazz · Spiritual jazz
T1792	Kamasi Washington	Re Run	Jazz · Spiritual jazz
T1793	Kamasi Washington	Re Run Home	Jazz · Spiritual jazz
T1794	Kamasi Washington	Seven Prayers	Jazz · Spiritual jazz
T1795	Kamasi Washington	The Magnificent 7	Jazz · Spiritual jazz
T1796	Kamasi Washington	The Message	Jazz · Spiritual jazz
T1797	Kamasi Washington	The Next Step	Jazz · Spiritual jazz
T1798	Kamasi Washington	The Rhythm Changes	Jazz · Spiritual jazz
T1799	Kanye West	Roses	Rap · US
T1800	Kanye West	Wolves	Rap · US
T1801	Karizma	Good Morning (feat. Monique Bingham)	Électro · Deep house vocale
T1802	Karl Soon	Gett Low	Électro · Techno percutante
T1803	Karpov	Seven Goblins	Rock · Rock énergique
T1804	Karrém	Mr Dynamite (Revenge Mix)	Rap · Pays à préciser
T1805	Kashii	Take You Away	Électro · Deep house planante
T1806	Kasper Bjørke	Heaven (Nicolas Jaar Remix)	Électro · Ambient & nappes
T1807	Kassia	Beethoven: Sonata No. 23 Appassionata 3rd Movement	Classique · Romantique passionné
T1808	Kassia	Czardas | Monti	Classique · Romantique passionné
T1809	Kassia	Mozart: Fantasia in D minor, K. 397	Classique · Baroque lent
T1810	Kassia	Passacaglia | Handel/Halvorsen (Piano Solo)	Classique · Baroque vif
T1811	Kassia	Saint-Saëns: Danse Macabre	Classique · Romantique passionné
T1812	Kassia	Schubert: Fantasy in F minor D. 940	Classique · Romantique tendre
T1813	Kassia	The Best of Chopin Nocturnes	Classique · Romantique tendre
T1814	Katsuhisa Hattori	二人だけの海 - Futaridake No Umi	Jazz · Lounge & jazz d'ambiance
T1815	KAYTRANADA	Dance Dance Dance Dance	Électro · House
T1816	Kaznova	Perfect Girl (feat. Charlene Lai)	Électro · Deep house vocale
T1817	Kazy Lambist	On You	Pop · Indie & synth-pop douce
T1818	Keinemusik (Rampa, Adam Port, &ME)	Muyè	Électro · Deep house vocale
T1819	Keinemusik (Rampa, Adam Port, &ME)	Muyè (Black Coffee Remix) (feat. Adam Port)	Électro · House
T1820	Kendrick Lamar	Alright	Rap · US
T1821	Kendrick Lamar	Bitch, Don’t Kill My Vibe	Rap · US
T1822	Kendrick Lamar	BLOOD.	Rap · US
T1823	Kendrick Lamar	Count Me Out	Rap · US
T1824	Kendrick Lamar	Crown	Rap · US
T1825	Kendrick Lamar	DNA.	Rap · US
T1826	Kendrick Lamar	DUCKWORTH.	Rap · US
T1827	Kendrick Lamar	ELEMENT.	Rap · US
T1828	Kendrick Lamar	FEAR.	Rap · US
T1829	Kendrick Lamar	FEEL.	Rap · US
T1830	Kendrick Lamar	GOD.	Rap · US
T1831	Kendrick Lamar	HUMBLE.	Rap · US
T1832	Kendrick Lamar	King Kunta	Rap · US
T1833	Kendrick Lamar	LOVE. (feat. Zacari)	Rap · US
T1834	Kendrick Lamar	LOYALTY. (feat. Rihanna)	Rap · US
T1835	Kendrick Lamar	LUST.	Rap · US
T1836	Kendrick Lamar	Mirror	Rap · US
T1837	Kendrick Lamar	Now Or Never (Bonus Track) (feat. Mary J. Blige)	Rap · US
T1838	Kendrick Lamar	PRIDE.	Rap · US
T1839	Kendrick Lamar	Rich (Interlude)	Rap · US
T1840	Kendrick Lamar	Rich Spirit	Rap · US
T1841	Kendrick Lamar	The Heart Part 5	Rap · US
T1842	Kendrick Lamar	These Walls (feat. Bilal, Anna Wise & Thundercat)	Rap · US
T1843	Kendrick Lamar	United In Grief	Rap · US
T1844	Kendrick Lamar	Wesley's Theory (feat. George Clinton & Thundercat)	Rap · US
T1845	Kendrick Lamar	XXX. (feat. U2)	Rap · US
T1846	Kendrick Lamar	YAH.	Rap · US
T1847	Kendrick Lamar	You Ain't Gotta Lie (Momma Said)	Rap · US
T1848	Keni Burke	Risin' to the Top	Funk · Funk, boogie & disco
T1849	Kerala Dust	Kylie	Électro · Ambient & nappes
T1850	Kerala Dust	Nevada	Électro · Ambient & nappes
T1851	Keroué	OSEF (feat. NeS)	Rap · FR énergique
T1852	Kerri Chandler	Atmosphere (The Lost Dubs)	Électro · Deep house instrumentale
T1853	Kerri Chandler	Bar A Thym (Extended Mix)	Électro · Deep house instrumentale
T1854	Kerri Chandler	Hallelujah	Électro · Deep house vocale
T1855	Kerri Chandler	Harder Gets Higher (Album Edit)	Électro · Deep house instrumentale
T1856	Kerri Chandler	Heal My Heart (Album Edit) (feat. Treasa "Diva" Fennie)	Électro · Deep house vocale
T1857	Kerri Chandler	I Never Knew Her (Album Edit)	Électro · Deep house instrumentale
T1858	Kerri Chandler	In The Morning (Final Raw Mix)	Électro · Deep house vocale
T1859	Kerri Chandler	It's You (Album Edit) (feat. Dee Dee Brave & Freddy Turner)	Électro · Deep house vocale
T1860	Kerri Chandler	On My Way	Électro · Deep house instrumentale
T1861	Kerri Chandler	Rain	Électro · Deep house vocale
T1862	Kerri Chandler	Rain (Mood EP Version)	Électro · Deep house instrumentale
T1863	Kerri Chandler	So Let The Wind Come (Remix - Album Edit)	Électro · Deep house vocale
T1864	Kerri Chandler	Sunshine & Twilight (Album Edit)	Électro · Deep house instrumentale
T1865	Kerri Chandler	The Dark Past	Électro · Deep house planante
T1866	Kerri Chandler	The Sun's Coming Up (Album Edit)	Électro · Deep house instrumentale
T1867	Kerri Chandler	Where Is Love (Kerri Chandler Remaster)	Électro · Deep house vocale
T1868	Kerri Chandler	Where's The Love In The World?	Électro · Deep house vocale
T1869	Kerri Chandler	You Are In My System (feat. Mic Murphy) (Original Deluxe) (feat. Mic Murphy)	Électro · Deep house vocale
T1870	Kevin Di Serna	Horizons	Électro · Nu-disco & synth
T1871	Key Tronics Ensemble	Calypso of House (Paradise Mix)	Électro · House
T1872	KEYAH/BLU	South	Soul · R&B & neo soul posés
T1873	Keziah Jones	Rhythm Is Love	Funk · Funk, boogie & disco
T1874	Kezo!	molly!	Rap · Pays à préciser
T1875	Khaled	Detni Essekra	Maghreb · Raï & chaâbi
T1876	Khali	Ninetynine	Rap · FR cloud & spleen
T1877	Khatia Buniatishvili	Lied ohne Worte in F-Sharp Minor, Op. 67/2	Classique · Romantique tendre
T1878	Khatia Buniatishvili	Ständchen, S. 560 (Trans. from Schwanengesang No. 4, D. 957)	Classique · Romantique tendre
T1879	Khatia Buniatishvili	Suite in B-Flat Major, HWV 434: IV. Menuet	Classique · Baroque lent
T1880	Khatia Buniatishvili	Waltz in C-sharp minor, Op. 64 No. 2	Classique · Romantique tendre
T1881	Khruangbin	Mariella	Soul · Soul ballades
T1882	Khruangbin	Shida (Bella Suite)	Électro · Deep house instrumentale
T1883	Khruangbin	Texas Sun	Soul · Soul ballades
T1884	Khruangbin	White Gloves	Rock · Psyché & prog rêveur
T1885	Kid Bloom	Electric U	Rock · Rock énergique
T1886	Kid Francescoli	The Player	Électro · Nu-disco & synth
T1887	Kiko Navarro	Soñando Contigo (Kiko's Rework Of Yotam Avni Remix Edit) (feat. Concha Buika)	Électro · Deep house vocale
T1888	Kiko Navarro	Sonando Contigo (Tuccillo Deep Mix)	Électro · Deep house vocale
T1889	KiLLOWEN	Sober	Rap · UK
T1890	King Crimson	21st Century Schizoid Man - Including "Mirrors"	Rock · Psyché & prog nerveux
T1891	King Crimson	21st Century Schizoid Man - Radio Version ([Bonus Track] )	Rock · Psyché & prog nerveux
T1892	King Crimson	A Man, A City - Live At the Fillmore West ([Bonus Track] )	Rock · Psyché & prog nerveux
T1893	King Crimson	Epitaph - Including "March for No Reason" and "Tomorrow and Tomorrow"	Rock · Psyché & prog rêveur
T1894	King Crimson	I Talk to the Wind	Rock · Rock doux & mélancolique
T1895	King Crimson	I Talk To The Wind - Duo Version ([Bonus Track] )	Rock · Psyché & prog rêveur
T1896	King Crimson	Moonchild - Including "The Dream" and "The Illusion"	Rock · Psyché & prog rêveur
T1897	King Crimson	The Court of the Crimson King - Including "The Return of the Fire Witch" and "The Dance of the Puppets"	Rock · Psyché & prog nerveux
T1898	Kingo Hamada	街のドルフィン - Machi No Dorufin	Pop · City pop & disco
T1899	KLANGPLANET	Good	Électro · Deep house instrumentale
T1900	Klaus Veen	Poison	Électro · House
T1901	Kleintierschaukel	Motomia	Électro · Deep house planante
T1902	Knucks	Los Pollos Hermanos	Rap · UK
T1903	Knucks	Nice & Good	Rap · UK
T1904	Knucks	The Mantra (Heat in the Street Freestyle)	Rap · UK
T1905	Koen de Bruyne	Observations	Électro · Downtempo chill
T1906	Kofi Stone	After Hours	Rap · UK
T1907	Kofi Stone	Stories In Pyjamas	Rap · UK
T1908	Kohndo	Paris son âme	Rap · FR groovy
T1909	Kokoroko	Abusey Junction	Afrique · Afrobeats & amapiano
T1910	Kollektiv Turmstrasse	Deine Distanz	Électro · Downtempo chill
T1911	Kollektiv Turmstrasse	Jupiter Sunrise	Électro · Techno hypnotique
T1912	Kollektiv Turmstrasse	Last Day	Électro · Techno hypnotique
T1913	Koma	Loin des rêves	Rap · FR introspectif
T1914	Kondi Band	Yeanoh (Powe'hande Binga'dbe)	Électro · House
T1915	Konfusion Kidzz	On My Mind	Électro · Deep house vocale
T1916	Kool & The Gang	Fruitman	Funk · Funk, boogie & disco
T1917	Kool & The Gang	Give It Up	Funk · Funk, boogie & disco
T1918	Kool & The Gang	Here After	Jazz · Spiritual jazz
T1919	Kool & The Gang	Higher Plane	Funk · Funk, boogie & disco
T1920	Kool & The Gang	Light Of Worlds	Jazz · Spiritual jazz
T1921	Kool & The Gang	Rhyme-Tyme People	Funk · Funk, boogie & disco
T1922	Kool & The Gang	Street Corner Symphony	Funk · Funk, boogie & disco
T1923	Kool & The Gang	Summer Madness	Jazz · Jazz-funk & groove
T1924	Kool & The Gang	Summer Madness (Live At The Rainbow Theatre, London/1976)	Jazz · Jazz-funk & groove
T1925	Kool & The Gang	Whiting H. & G.	Jazz · Jazz-funk & groove
T1926	Kool & The Gang	Wild And Peaceful	Funk · Funk, boogie & disco
T1927	Kool & The Gang	Winter Sadness	Soul · Soul ballades
T1928	Kool & The Gang	You Don't Have To Change	Soul · Soul ballades
T1929	Koop	Relaxin at Club F****n	Électro · Broken beat & nu jazz
T1930	Kora	Kanjira	Électro · Deep house instrumentale
T1931	Koray Kolbaşı	Czerny Op.299 No.1	Classique · Romantique passionné
T1932	KOTA The Friend	Oh Darling How I Love You .	Rap · US
T1933	Kouz1	Ana	Afrique · Afrobeats & amapiano
T1934	Kouz1	Magic	Rap · FR groovy
T1935	Krisy	AU CLUB	Rap · FR groovy
T1936	Krisy	C'EST UN MOOD	Rap · FR groovy
T1937	Krisy	Erotiquement votre (feat. Instagram Followers)	Rap · FR posé
T1938	Krisy	Jeune Julio	Rap · FR introspectif
T1939	Krisy	sensuellement vôtre	Rap · FR posé
T1940	Krystian Zimerman	Chopin: Ballade No. 1 in G Minor, Op. 23	Classique · Romantique passionné
T1941	Krystyna Prońko	Deszcz w Cisnej (1976)	Jazz · Vocal & ballades
T1942	Kumi	The Feeling	Électro · House
T1943	kuribo98	NSMB Overworld theme but in minor	Électro · Downtempo chill
T1944	kuribo98	NSMB Versus Overworld theme but in minor	Électro · Downtempo chill
T1945	kuribo98	Super Bell Hill theme but in minor (using audio manipulation)	Électro · Downtempo chill
T1946	kuribo98	Wii Shop Bossa Nova 1 Hour	Jazz · Lounge & jazz d'ambiance
T1947	Kx9000	Air Dodge	Électro · House
T1948	Kylie Minogue	Can't Get You out of My Head	Pop · Indie & synth-pop dansante
T1949	Kyo Itachi	99 en peuf	Rap · FR sombre
T1950	Kyo Itachi	JJ	Rap · FR groovy
T1951	Kyo Itachi	Mensonges et Make Up	Rap · FR sombre
T1952	L'Algerino	Mention Max	Rap · FR énergique
T1953	L'Entourage	Anges & démons	Rap · FR introspectif
T1954	L'Entourage	Ce monde	Rap · FR introspectif
T1955	L'Entourage	Comme ça	Rap · FR groovy
T1956	L'Entourage	Jeunes entrepreneurs	Rap · FR énergique
T1957	L'Entourage	Jim Morrison	Rap · FR groovy
T1958	L'Entourage	Mourir demain	Rap · FR introspectif
T1959	L'Entourage	S'ils me voyaient	Rap · FR introspectif
T1960	L'Entourage	Soixante-quinze	Rap · FR énergique
T1961	L'Impératrice	Agitations tropicales	Électro · Nu-disco & synth
T1962	L'Impératrice	Everything Eventually Ends	Électro · Nu-disco & synth
T1963	L'Impératrice	La lune	Électro · Nu-disco & synth
T1964	L'Impératrice	Peur des filles	Électro · Nu-disco & synth
T1965	L'Impératrice	Souffle au coeur	Électro · Nu-disco & synth
T1966	L’morphine	Papillon	Rap · Maghreb
T1967	L’morphine	Tenet - Taha Lkobra	Rap · Maghreb
T1968	L'Or du Commun	Apollo (feat. Roméo Elvis)	Rap · FR groovy
T1969	La Femme	Où va le monde	Rock · Psyché & prog rêveur
T1970	La Fève	BOXE INTERLUDE	Rap · FR introspectif
T1971	La Fève	CRENSHAW	Rap · FR sombre
T1972	La Fève	LYELE OUTRO	Rap · FR posé
T1973	La Fève	MAUVAIS PAYEUR	Rap · FR énergique
T1974	La Fève	NO HOOK	Rap · FR énergique
T1975	La Fève	NOSTALGIE INTERLUDE	Rap · FR introspectif
T1976	La Fève	OUTRO	Rap · FR introspectif
T1977	La Fève	SAMESHIT (BONUS)	Rap · FR énergique
T1978	La Rumeur	L'ombre sur la mesure	Rap · FR sombre
T1979	Labess	Babour El Leuh	Maghreb · Raï & chaâbi
T1980	Labess	Valérie	Maghreb · Raï & chaâbi
T1981	LaChele	Sade - Room 55 (B-Side)	Soul · R&B & neo soul posés
T1982	Lalo Schifrin	Mannix (From "Mannix" Soundtrack)	Jazz · Swing & big band
T1983	Lamp	Yume Utsutsu	Pop · City pop & disco
T1984	Lang Lang	Debussy: Clair de lune, CD 82 No. 3	Classique · Moderne contemplatif
T1985	Lang Lang	Richter: The Departure	Classique · Moderne contemplatif
T1986	Larry June	Watering My Plants	Rap · US
T1987	Lars Huismann	Sounds from the Past I	Électro · Techno percutante
T1988	LaSignature	Boomerang	Rap · FR énergique
T1989	Latché Swing	Valse à Bamboula	Jazz · Swing & big band
T1990	Laura Itandehui	Yo no Necesito de Mucho	Latino · Boléro, tango & ballades
T1991	Laurent Garnier	Breathless	Électro · Techno percutante
T1992	Laurent Garnier	Go to Sleep	Électro · Techno hypnotique
T1993	Laurent Garnier	Resonances From The D (Bonus Track)	Électro · Techno percutante
T1994	Laurent Garnier	Wake Up	Électro · Techno percutante
T1995	Laurent Garnier	Wake Up (Baloo Mix)	Électro · Techno percutante
T1996	LAUSSE THE CAT	Belle Bouteille	Rap · UK
T1997	LAUSSE THE CAT	Coco Channel (feat. B-Ahwe)	Rap · UK
T1998	LAUSSE THE CAT	Drink With The Leaves (feat. The Young Wizard)	Rap · UK
T1999	LAUSSE THE CAT	Fuccboi Lullaby (feat. B-Ahwe)	Rap · UK
T2000	LAUSSE THE CAT	Motor City	Rap · UK
T2001	LAUSSE THE CAT	Redstripe Rhapsody	Rap · UK
T2002	LAUSSE THE CAT	Toy's Story	Rap · UK
T2003	Laylow	10'	Rap · FR introspectif
T2004	Laylow	Avenue	Rap · FR posé
T2005	Laylow	Bionic	Rap · FR sombre
T2006	Laylow	Ciudad	Rap · FR sombre
T2007	Laylow	...DE BATARD (feat. Wit.)	Rap · FR sombre
T2008	Laylow	DEHORS DANS LA NIGHT	Rap · FR sombre
T2009	Laylow	Division rouge	Rap · FR sombre
T2010	Laylow	Elephant	Rap · FR sombre
T2011	Laylow	Gogo (feat. Jok'air)	Rap · FR énergique
T2012	Laylow	Hello .RAW-Z	Rap · FR sombre
T2013	Laylow	HELP !!!	Rap · FR sombre
T2014	Laylow	IVERSON	Rap · FR énergique
T2015	Laylow	LOGICIEL TRISTE	Rap · FR cloud & spleen
T2016	Laylow	LOST FOREST	Rap · FR sombre
T2017	Laylow	Maladresse	Rap · FR cloud & spleen
T2018	Laylow	Malentendu	Rap · FR introspectif
T2019	Laylow	MEGATRON	Rap · FR sombre
T2020	Laylow	MILLION FLOWERZ	Rap · FR cloud & spleen
T2021	Laylow	POIZON	Rap · FR sombre
T2022	Laylow	Prince de sang-mêlé	Rap · FR sombre
T2023	Laylow	QUE LA PLUIE	Rap · FR cloud & spleen
T2024	Laylow	R9R-LINE (feat. Damso)	Rap · FR sombre
T2025	Laylow	SPECIAL (feat. Nekfeu & Fousheé)	Rap · FR groovy
T2026	Laylow	STUNTMEN (feat. Alpha Wann & Wit.)	Rap · FR énergique
T2027	Laylow	Swish	Rap · FR sombre
T2028	Laylow	TRINITYVILLE	Rap · FR sombre
T2029	Laylow	UN RÊVE ÉTRANGE	Rap · FR posé
T2030	Laylow	UNE HISTOIRE ÉTRANGE	Rap · FR cloud & spleen
T2031	Laylow	Visa (feat. Madd)	Rap · FR sombre
T2032	Laylow	VOIR LE MONDE BRÛLER	Rap · FR sombre
T2033	Laylow	WINDOW SHOPPER PART. 1	Rap · FR sombre
T2034	Laylow	WINDOW SHOPPER PART. 2 (feat. Hamza)	Rap · FR posé
T2035	Laylow	Y2	Rap · FR sombre
T2036	lazulitchi	a new kind of bossa	Brésil · Bossa nova
T2037	LCD Soundsystem	You Wanted a Hit	Électro · Nu-disco & synth
T2038	Le Blaze	La cible (feat. Seak, Bvker & La Fève)	Rap · FR énergique
T2039	Le Dé	Beurre de Marrakech	Rap · FR groovy
T2040	Le Dé	Chez soi (Interlude)	Rap · FR groovy
T2041	Le Dé	Espace temps (feat. Swing)	Rap · FR groovy
T2042	Le Dé	Hussler	Rap · FR énergique
T2043	Le Dé	LG	Rap · FR groovy
T2044	Le Dé	Liège, Liège	Rap · FR introspectif
T2045	Le Dé	Long Time	Rap · FR introspectif
T2046	Le Dé	Nouvelle vague (feat. Primero)	Rap · FR groovy
T2047	Le Dé	TADA	Rap · FR énergique
T2048	Le Dé	Triple bicéphale	Rap · FR énergique
T2049	Le Dé, Lobo EL	Montrer l'exemple	Rap · FR sombre
T2050	Le Merlu & Nordinomouk	La Vitre Du Cockpit	Rap · FR groovy
T2051	Le Rabb1	Minimum Syndical	Rap · FR énergique
T2052	Led Zeppelin	Stairway to Heaven (Remaster)	Rock · Rock doux & mélancolique
T2053	Ledé Markson	4zoo	Rap · FR posé
T2054	Ledé Markson	ALZ	Rap · FR groovy
T2055	Ledé Markson	Momentum	Rap · FR groovy
T2056	Ledé Markson	PS	Rap · FR posé
T2057	Ledé Markson	Règlement Freestyle #8	Rap · FR énergique
T2058	Ledé Markson	Triple bicéphale	Rap · FR groovy
T2059	LEDOUBLE	CANADA	Rap · FR introspectif
T2060	Leif Ove Andsnes	12 Études, Op. 25: No. 11 in A Minor "Winter Wind"	Classique · Romantique passionné
T2061	Leifur James	Mumma Don't Tell	Électro · Downtempo chill
T2062	Leo Pol	This must be illegal	Électro · House
T2063	Leon Thomas	MUTT	Soul · R&B & neo soul groovy
T2064	Leon Ware	French Waltz	Soul · Soul ballades
T2065	Léonie Pernet	Les chants de Maldoror	Électro · Nu-disco & synth
T2066	Les Sins	Grind (Moodymann edit / mixed)	Électro · House
T2067	Lesram	Rotation (feat. Alpha Wann)	Rap · FR énergique
T2068	Letta Mbulu	Nomalizo	Funk · Funk, boogie & disco
T2069	Levitation	More Than Ever People (feat. Cathy Battistessa)	Électro · Deep house vocale
T2070	Levon Vincent	UK Spring Vibes	Électro · Deep house instrumentale
T2071	Lewis OfMan	Siesta Freestyle	Électro · Nu-disco & synth
T2072	Ley Soul	Intergalactic Janet	Électro · Ambient & nappes
T2073	Light Of The World	I Shot the Sheriff	Jazz · Jazz-funk & groove
T2074	Light Of The World	London Town	Jazz · Jazz-funk & groove
T2075	Lil Bob & The Lollipops	You Know It Ain't Right	Soul · Soul groovy
T2076	Linear System	Unlocated Call	Électro · Techno hypnotique
T2077	Linkwood Family	Milles Away (feat. Joseph Malik)	Électro · Deep house vocale
T2078	Little Beaver	Groove On	Soul · Soul groovy
T2079	lojii	inthefield	Rap · US
T2080	Loko & Hugo TSR	Mise à l'amende	Rap · FR énergique
T2081	Loleatta Holloway	Can't Let You Go (Louie Vega & Josh Milan Truth Dub 1)	Électro · House
T2082	Lomepal	Le vrai moi	Rap · FR introspectif
T2083	Lomepal	Tee	Rap · FR énergique
T2084	London Philharmonic Orchestra	Les noces de figaro	Classique · Baroque vif
T2085	Lonnie Liston Smith	A Chance for Peace	Jazz · Spiritual jazz
T2086	Lonnie Liston Smith	Colors of the Rainbow	Jazz · Spiritual jazz
T2087	Lonnie Liston Smith	Devika (Goddess)	Jazz · Spiritual jazz
T2088	Lonnie Liston Smith	Floating Through Space	Jazz · Spiritual jazz
T2089	Lonnie Liston Smith	Love Beams	Jazz · Spiritual jazz
T2090	Lonnie Liston Smith	Summer Nights	Jazz · Spiritual jazz
T2091	Lonnie Liston Smith	Sunset	Jazz · Spiritual jazz
T2092	Lonnie Liston Smith	Visions of a New World (Phase I)	Jazz · Spiritual jazz
T2093	Lonnie Liston Smith	Visions Of A New World (Phase II)	Jazz · Spiritual jazz
T2094	Lord Esperanza	Drapeau noir	Rap · FR sombre
T2095	Lord Vinheteiro	Ballade No. 1 in G Minor, Op. 23	Classique · Romantique tendre
T2096	Lost in Blues	No Water No Wine	Rock · Blues mélancolique
T2097	Lost Mind	Passenger	Électro · Deep house planante
T2098	Louie Vega	Diamond Life [Dance Ritual Radio Edit] (feat. Julie McKnight)	Électro · House
T2099	Louie Vega	Elevator (Going Up) [Louie Vega Mix] (feat. Monique Bingham)	Électro · House
T2100	Louie Vega	Feel So Right [DJ Deep Remix] (feat. Honey Dijon)	Électro · Deep house vocale
T2101	Louie Vega	Gimme Some Love (Album Mix) (feat. Vikter Duplaix)	Électro · Deep house vocale
T2102	Louie Vega	Holidaze (Daze Dub) (feat. Cindy Mizelle, Fonzi Thornton & Patricia Lacy)	Électro · Deep house vocale
T2103	Louie Vega	Love & Happiness (Yemaya Y Ochùn) (Dream Sequence) (feat. India)	Électro · Deep house planante
T2104	Louie Vega	Seven Mile (feat. Moodymann)	Électro · Deep house vocale
T2105	Louis Armstrong	What A Wonderful World	Jazz · Vocal & ballades
T2106	Louis Culture	Hanah Says Hi	Rap · UK
T2107	Loure	In the Evenings (Hidden Spheres Remix)	Électro · Deep house instrumentale
T2108	Loure	Keep It Real	Électro · Broken beat & nu jazz
T2109	Loure	Smooth Talk	Électro · Deep house instrumentale
T2110	Loure	Step In	Électro · Broken beat & nu jazz
T2111	Loure	Vue	Électro · Broken beat & nu jazz
T2112	Lovebirds	Icarus (feat. Galliano)	Électro · Deep house vocale
T2113	Lovebirds	This Time (Gorge Remix)	Électro · Techno percutante
T2114	Lovebirds	Want You In My Soul	Électro · Deep house vocale
T2115	Lovebirds, Syncopix	Soul Conversation (Main Mix)	Électro · Deep house vocale
T2116	Luca Musto	Ticon	Électro · Deep house planante
T2117	Lucas Blondeau	Chin'r Ft LEBÖ -  Happiness Verne City Life	Électro · House
T2118	Lucas Santtana	A Transmissão	Brésil · MPB douce
T2119	Lucas Santtana	Errare Humanum Est	Brésil · MPB douce
T2120	Lucas Santtana	La Biosphère	Brésil · MPB douce
T2121	Lucas Santtana	Muita Pose, Pouca Yoga	Brésil · Samba & groove
T2122	Lucas Santtana	No Interior de Tudo	Brésil · MPB douce
T2123	Lucas Santtana	O Paraíso	Brésil · MPB douce
T2124	Lucas Santtana	Sobre la Memoria	Brésil · MPB douce
T2125	Lucas Santtana	The Fool on the Hill	Brésil · MPB douce
T2126	Lucas Santtana	Uma (Criança)	Brésil · MPB douce
T2127	Lucas Santtana	Vamos Ficar na Terra	Brésil · MPB douce
T2128	Lucas Santtana	What's Life	Brésil · MPB douce
T2129	LucasGitanoFamily	Arles Romance	Folk · Flamenco & tsigane
T2130	Lucio Dalla	L'Anno Che Verrà	Pop · Ballades
T2131	Lucky People Center	Sundance	Électro · Techno hypnotique
T2132	LudoWic	MULTY STRIPES	Électro · Expérimental & IDM
T2133	Luedji Luna	Banho de Folhas	Brésil · Samba & groove
T2134	Luidji	Agoué	Rap · FR cloud & spleen
T2135	Luidji	Boscolo Exedra	Rap · FR cloud & spleen
T2136	Luidji	Foufoune Palace	Rap · FR groovy
T2137	Luidji	Gisèle (Part 4)	Rap · FR introspectif
T2138	Luidji	Le remède	Rap · FR introspectif
T2139	Luidji	Mauvais réflexe	Rap · FR cloud & spleen
T2140	Luidji	Néons rouges / Belles chansons	Rap · FR introspectif
T2141	Luidji	Palace Mafia	Rap · FR introspectif
T2142	Luidji	Pour deux âmes solitaires (Part.1)	Rap · FR introspectif
T2143	Luidji	Sirène	Rap · FR introspectif
T2144	Luidji	Système	Rap · FR cloud & spleen
T2145	Luiz Bonfá	Bossa Nova Cha Cha (feat. Lalo Schifrin & Oscar Castro-Neves)	Brésil · Bossa nova
T2146	Luiz Bonfá	Night and Day	Brésil · Bossa nova
T2147	Luiz Bonfá	Perdido de Amor (Lost in Love) (1)	Brésil · Bossa nova
T2148	Luiz Bonfa	Preludio	Brésil · Bossa nova
T2149	Luiz Bonfá	Samba de Orfeu	Brésil · Samba & groove
T2150	Luiz Bonfá	Sambalamento (feat. Lalo Schifrin & Oscar Castro-Neves)	Brésil · Bossa nova
T2151	Luiz Carlos Rigo Uhlik	Aquarela do Brasil! #sópianobom #arybarroso #aquareladobrasil #uhlik #fritzdobbert #carmenmiranda	Brésil · Samba & groove
T2152	Lunatic	Le crime paie	Rap · FR sombre
T2153	Luther	GARÇON	Rap · FR cloud & spleen
T2154	Luther	inaudible	Rap · FR introspectif
T2155	Luther	LESSGUI	Rap · FR sombre
T2156	Luther	TORIEL (VENI VIDI VIDE)	Rap · FR introspectif
T2157	Luther	VVS	Rap · FR sombre
T2158	Luther Vandross	Never Too Much	Funk · Funk, boogie & disco
T2159	Luv Resval	AZNVR (une minute de musique)	Rap · FR sombre
T2160	Luv Resval	Ballade nocturne III	Rap · FR introspectif
T2161	Luv Resval	MPC, Part II (La rivière)	Rap · FR introspectif
T2162	Luv Resval	Tout s'en va	Rap · FR introspectif
T2163	Luz Casal	Un año de amor	Pop · Ballades
T2164	Lympstyle _short	Piano improvisation	Classique · Moderne contemplatif
T2165	LYNN	Est-ce que c'est par là qu'on pleure?	Pop · Variété française
T2166	M-Beat	Do You Know Where You're Coming From? (feat. Jamiroquai)	Électro · Breaks & drum'n'bass
T2167	Maalem Houssam Guinia	Samaoui سماوي	Maghreb · Gnawa
T2168	Maalem Mahmoud Gania	Amara Mousseye	Maghreb · Gnawa
T2169	Maalem Mahmoud Gania	Ba Yourki	Maghreb · Gnawa
T2170	Maalem Mahmoud Gania	Bala Matinba	Maghreb · Gnawa
T2171	Maalem Mahmoud Gania	Foulani	Maghreb · Gnawa
T2172	Maalem Mahmoud Gania	Mrahba Baba Hamouda	Maghreb · Gnawa
T2173	Maalem Mahmoud Gania	Sadati Houma El Bouhala	Maghreb · Gnawa
T2174	Maalem Mahmoud Gania	Shaba Kouria	Maghreb · Gnawa
T2175	Maalem Mahmoud Gania	Sidi Sma Ya Boulandi	Maghreb · Gnawa
T2176	Maalem Mahmoud Guinia	Bania	Maghreb · Gnawa
T2177	Maalem Mahmoud Guinia	Marhaba	Maghreb · Gnawa
T2178	Maalem Mahmoud Guinia	Mimoun Marhaba	Maghreb · Gnawa
T2179	Maalem Mahmoud Guinia	Toro Toro Torko Lila	Maghreb · Gnawa
T2180	Mac DeMarco	Chamber Of Reflection	Pop · Indie & synth-pop douce
T2181	Mac DeMarco	Freaking Out the Neighborhood	Rock · Rock énergique
T2182	Mac Miller	2009	Rap · US
T2183	Mac Miller	Mac Miller: NPR Music Tiny Desk Concert	Rap · US
T2184	Mac Miller	My Favorite Part	Rap · US
T2185	Mac Miller	Self Care	Rap · US
T2186	Mac Miller	What's the Use?	Rap · US
T2187	Mac Miller	Wings	Rap · US
T2188	Macabre Plaza	A Bird's Last Look	Brésil · Bossa nova
T2189	Maceo Plex	Gravy Train (Nicolas Jaar Remix)	Électro · Nu-disco & synth
T2190	Madcat	Call Me Ishmael	Électro · Deep house instrumentale
T2191	Madd	N	Rap · Maghreb
T2192	Maes	Tmax 530	Rap · FR énergique
T2193	Magdalena Galka	Libertango (Piano Solo)	Latino · Boléro, tango & ballades
T2194	Magic Slim & The Teardrops	Crazy Woman	Rock · Blues qui groove
T2195	MaHa	Ala Shat El Nesyan	Orient · Fairouz, tarab & chanson
T2196	Maison Blanche	You're Gonna Like It	Électro · House
T2197	Majid Bekkas	African Blues (feat. Rachid Zeroual, Khalid Kouhen, Paolo Radoni & Marc Lelangue)	Maghreb · Gnawa
T2198	Majid Bekkas	Annabi	Maghreb · Gnawa
T2199	Makala	Margaret Dry	Rap · FR groovy
T2200	Makala	Outro (feat. Varnish La Piscine)	Rap · FR groovy
T2201	Makèz	Downstream	Électro · Techno percutante
T2202	Makoto Matsushit	September Rain (2020 Remaster) - September Rain (2020 Remastered)	Pop · City pop & disco
T2203	Makoto Matsushita	Love Was Really Gone	Pop · City pop & disco
T2204	Makoto Matsushita	One Hot Love	Pop · City pop & disco
T2205	Makoto Matsushita	Sunset	Pop · City pop & disco
T2206	MalcoMix Fusion	Weather Report - Live at Montreux (1976)	Jazz · Jazz-funk & groove
T2207	Malo	MÉDICATION	Rap · FR sombre
T2208	Malo	OK	Rap · FR sombre
T2209	Malto	Viva Mélenchonne	Rap · FR énergique
T2210	Manila Folder	DJ Central - Basil (Version Intégrale Club)	Électro · Deep house instrumentale
T2211	Mano Brown	Dance, Dance, Dance (feat. Don Pixote & Seu Jorge)	Funk · Funk, boogie & disco
T2212	MANSO̶U̶R̶	FEED THE FIRE (feat. Sam Wise)	Rap · UK
T2213	Manu Dibango	Besoka on Salsa	Latino · Salsa & latin soul
T2214	Manuel Darquart	The Vibe	Électro · Downtempo chill
T2215	Manuele Cid	Vivaldi 4 Seasons, Summer 3 - Presto	Classique · Baroque vif
T2216	Mar 3, 2017	Interstellar: The Ultimate Space Experience | Hans Zimmer	Classique · Moderne contemplatif
T2217	Mar Malade	Cabriolet	Pop · Indie & synth-pop douce
T2218	Marc Copland	Flip Side	Jazz · Contemporain
T2219	Marc Cotterell	Is Love A Game	Électro · Deep house vocale
T2220	Marc Rebillet	JAMMING WITH REGGIE WATTS!	Funk · Funk, boogie & disco
T2221	Marc Rebillet	rainy sunday	Funk · Funk, boogie & disco
T2222	Marc Rebillet	Your New Morning Alarm	Funk · Funk, boogie & disco
T2223	Marcel Khalife	Sparrow (Asfour)	Orient · Fairouz, tarab & chanson
T2224	Marcel Khalife	Walking Tall (Wa Ana Amshi)	Orient · Fairouz, tarab & chanson
T2225	Marco Castello	Porci	Pop · City pop & disco
T2226	Marcos Resende	Behind the Moon	Jazz · Jazz-funk & groove
T2227	Marcos Resende	Martina	Jazz · Jazz-funk & groove
T2228	Marcos Resende	My Heart	Jazz · Fusion planante
T2229	Marcos Resende	Nergal	Jazz · Fusion énergique
T2230	Marcos Resende	Nina Neném	Jazz · Fusion planante
T2231	Marcos Resende	Praça da Alegria	Jazz · Jazz-funk & groove
T2232	Marcos Valle	Nova Bossa Nova	Brésil · Bossa nova
T2233	Maria Rita	Tá perdoado	Brésil · Samba & groove
T2234	Mariana Froes	Eu	Brésil · MPB douce
T2235	Mariana Froes	Gabriela - A COLORS SHOW	Brésil · MPB douce
T2236	Mariana Froes	Moça	Brésil · MPB douce
T2237	Mariinsky Orchestra	Khachaturian: Spartacus: Adagio of Spartacus and Phrygia	Classique · Romantique tendre
T2238	marilyne naaman	nachez (harp version)	Orient · Fairouz, tarab & chanson
T2239	Marine Neuilly	Confetti (Preview)	Pop · Indie & synth-pop douce
T2240	Marino Marini	Io sono il vento	Pop · Ballades
T2241	Mark Allaway	Soul Girl	Jazz · Bop qui swingue
T2242	Marlon Funaki	Murphy's Law	Électro · Downtempo chill
T2243	Marlon Funaki	when sunday comes around	Pop · Indie & synth-pop douce
T2244	Marshall Jefferson	Mushrooms (Timewriter Mix)	Électro · Deep house planante
T2245	Martin Buttrich	Enough Love To Hate It	Électro · Techno percutante
T2246	Martin Buttrich	Tripping In The 16Th	Électro · Techno percutante
T2247	Martin Langlo	Sunset Valley	Électro · Downtempo chill
T2248	Martin Solveig	Cabo Parano (Claude Monet Remix)	Électro · House
T2249	Martine Girault	Revival (Japanese LP Mix)	Électro · House
T2250	Martinho Da Vila	Disritmia	Brésil · MPB douce
T2251	Marvin Gaye	Funk Me	Funk · Funk, boogie & disco
T2252	Marvin Gaye	Inner City Blues (Make Me Wanna Holler)	Soul · Soul groovy
T2253	Mas Tono	Michael Jackson - Jam (E-Smoove's Jazzy Jam) 1991	Électro · House
T2254	Masayoshi Takanaka	A Fair Wind	Jazz · Fusion planante
T2255	Masayoshi Takanaka	Alone	Jazz · Fusion planante
T2256	Masayoshi Takanaka	An Insatiable High	Jazz · Jazz-funk & groove
T2257	Masayoshi Takanaka	April Wave	Jazz · Fusion planante
T2258	Masayoshi Takanaka	Bamboo Vender	Pop · City pop & disco
T2259	Masayoshi Takanaka	Beleza Pula	Jazz · Latin jazz
T2260	Masayoshi Takanaka	Birdisland Kyuukou	Jazz · Jazz-funk & groove
T2261	Masayoshi Takanaka	Blue Lagoon	Jazz · Fusion énergique
T2262	Masayoshi Takanaka	BLUE LAGOON (Live At 日本武道館 / 1979) - Blue Lagoon (Live At Nippon Budokan, 1979)	Jazz · Fusion énergique
T2263	Masayoshi Takanaka	Brasilian Skies	Jazz · Latin jazz
T2264	Masayoshi Takanaka	Breakin' Loase	Rock · Yacht rock
T2265	Masayoshi Takanaka	Chill Me Out	Jazz · Fusion planante
T2266	Masayoshi Takanaka	Crystal Memories	Jazz · Fusion planante
T2267	Masayoshi Takanaka	DISCO “B” - Disco "B"	Jazz · Jazz-funk & groove
T2268	Masayoshi Takanaka	DISCO "B" (Live At 日本武道館 / 1979) - Disco "B" (Live At Nippon Budokan, 1979)	Jazz · Jazz-funk & groove
T2269	Masayoshi Takanaka	E. S. P.	Jazz · Fusion énergique
T2270	Masayoshi Takanaka	Early Bird	Jazz · Fusion énergique
T2271	Masayoshi Takanaka	Eona	Jazz · Smooth & groovy
T2272	Masayoshi Takanaka	Explosion	Jazz · Fusion énergique
T2273	Masayoshi Takanaka	EXPLOSION (Live At 日本武道館 / 1979) - Explosion (Live At Nippon Budokan, 1979)	Jazz · Fusion énergique
T2274	Masayoshi Takanaka	FEEDBACK’S FEEL - Feedback's Feel	Jazz · Fusion énergique
T2275	Masayoshi Takanaka	Finger Dancin'	Jazz · Fusion énergique
T2276	Masayoshi Takanaka	FUNKEE MAH－CHAN - Funkee Mah-Chan	Jazz · Jazz-funk & groove
T2277	Masayoshi Takanaka	Funky Holo Holo Bird	Jazz · Jazz-funk & groove
T2278	Masayoshi Takanaka	Gascon Cocktail	Jazz · Fusion énergique
T2279	Masayoshi Takanaka	Good (Bad?) Old Days	Jazz · Fusion planante
T2280	Masayoshi Takanaka	Heart Ache	Jazz · Fusion planante
T2281	Masayoshi Takanaka	I Remember Clifford	Jazz · Vocal & ballades
T2282	Masayoshi Takanaka	I Remember You	Jazz · Smooth & groovy
T2283	Masayoshi Takanaka	Just Chuckle	Jazz · Jazz-funk & groove
T2284	Masayoshi Takanaka	Le Premier Mars	Jazz · Fusion planante
T2285	Masayoshi Takanaka	M 5 - M5	Jazz · Fusion énergique
T2286	Masayoshi Takanaka	Magical Night Light	Jazz · Fusion planante
T2287	Masayoshi Takanaka	Malibu	Jazz · Jazz-funk & groove
T2288	Masayoshi Takanaka	Mambo Magic	Jazz · Latin jazz
T2289	Masayoshi Takanaka	Mambo No. 5	Jazz · Latin jazz
T2290	Masayoshi Takanaka	Mambo No. 6	Jazz · Jazz-funk & groove
T2291	Masayoshi Takanaka	Manifestation	Jazz · Fusion énergique
T2292	Masayoshi Takanaka	Medley	Jazz · Fusion énergique
T2293	Masayoshi Takanaka	My Secret Beach	Jazz · Jazz-funk & groove
T2294	Masayoshi Takanaka	New York Strut	Jazz · Jazz-funk & groove
T2295	Masayoshi Takanaka	Nights	Jazz · Fusion planante
T2296	Masayoshi Takanaka	Oh! Tengo Suerte	Jazz · Jazz-funk & groove
T2297	Masayoshi Takanaka	Once Upon A Song	Jazz · Fusion planante
T2298	Masayoshi Takanaka	Palm Street	Jazz · Jazz-funk & groove
T2299	Masayoshi Takanaka	Penguin Dancer	Pop · City pop & disco
T2300	Masayoshi Takanaka	Plastic Tears	Jazz · Fusion planante
T2301	Masayoshi Takanaka	Plumed Bird	Jazz · Fusion énergique
T2302	Masayoshi Takanaka	Prologue	Jazz · Fusion planante
T2303	Masayoshi Takanaka	Radio Rio	Jazz · Latin jazz
T2304	Masayoshi Takanaka	Rainbow Paradise	Jazz · Fusion planante
T2305	Masayoshi Takanaka	Rainbow Was Reborn	Jazz · Fusion énergique
T2306	Masayoshi Takanaka	Rainy Day Blue	Jazz · Fusion planante
T2307	Masayoshi Takanaka	RAINY DAY BLUE (Live At 日本武道館 / 1979) - Rainy Day Blue (Live At Nippon Budokan, 1979)	Jazz · Fusion planante
T2308	Masayoshi Takanaka	Ready To Fly	Jazz · Fusion énergique
T2309	Masayoshi Takanaka	READY TO FLY (Live At 日本武道館 / 1979) - Ready To Fly (Live At Nippon Budokan, 1979)	Jazz · Fusion énergique
T2310	Masayoshi Takanaka	Ride’em High - Ride'em High	Funk · Latin funk
T2311	Masayoshi Takanaka	Rising Arch	Jazz · Fusion énergique
T2312	Masayoshi Takanaka	Sail On Fire	Pop · City pop & disco
T2313	Masayoshi Takanaka	Sangosho No Yosei	Jazz · Fusion planante
T2314	Masayoshi Takanaka	Saudade	Jazz · Fusion planante
T2315	Masayoshi Takanaka	Seven Goblins	Jazz · Fusion énergique
T2316	Masayoshi Takanaka	Sexy Dance	Jazz · Jazz-funk & groove
T2317	Masayoshi Takanaka	SHE’S RAIN - She's Rain	Jazz · Fusion planante
T2318	Masayoshi Takanaka	Soon	Jazz · Fusion planante
T2319	Masayoshi Takanaka	Space Wagon	Jazz · Fusion énergique
T2320	Masayoshi Takanaka	Speed Of Love	Jazz · Fusion énergique
T2321	Masayoshi Takanaka	Star Wars Samba	Jazz · Latin jazz
T2322	Masayoshi Takanaka	Summer Breeze	Jazz · Fusion planante
T2323	Masayoshi Takanaka	Sundrops	Jazz · Jazz-funk & groove
T2324	Masayoshi Takanaka	Sweet Agnes	Jazz · Jazz-funk & groove
T2325	Masayoshi Takanaka	Taj Mahal	Jazz · Fusion énergique
T2326	Masayoshi Takanaka	The Forest Of My Heart	Jazz · Fusion planante
T2327	Masayoshi Takanaka	The Moon Rose	Jazz · Fusion planante
T2328	Masayoshi Takanaka	The Night Delay	Jazz · Jazz-funk & groove
T2329	Masayoshi Takanaka	The Sunset Valley	Jazz · Fusion planante
T2330	Masayoshi Takanaka	Thunderstorm	Jazz · Fusion énergique
T2331	Masayoshi Takanaka	To You	Jazz · Fusion planante
T2332	Masayoshi Takanaka	TROPIC BIRD (Live At 日本武道館 / 1979) - Tropic Bird (Live At Nippon Budokan, 1979)	Jazz · Jazz-funk & groove
T2333	Masayoshi Takanaka	Tropic Birds	Jazz · Jazz-funk & groove
T2334	Masayoshi Takanaka	When You Wish Upon A Star	Jazz · Fusion planante
T2335	Masayoshi Takanaka	WILD MOW－MOW - Wild Mow-Mow	Jazz · Fusion énergique
T2336	Masayoshi Takanaka	You Can Never Come To This Place	Rock · Symphonic rock
T2337	Masayoshi Takanaka	はいやぁ～っ！ - Haiyaa-!	Jazz · Fusion énergique
T2338	Masayoshi Takanaka	サヨナラ・・・・・・FUJIさん - Sayonara Fujisan	Jazz · Fusion planante
T2339	Masayoshi Takanaka	トーキョーレギー - Tokyo Reggie	Jazz · Jazz-funk & groove
T2340	Masayoshi Takanaka	パラレル・ターン - Parallel Turn	Jazz · Fusion énergique
T2341	Masayoshi Takanaka	リオの夢 - Rio No Yume	Jazz · Jazz-funk & groove
T2342	Masayoshi Takanaka	伊豆甘夏納豆売り - Izu Amanatsu Nattou Uri	Jazz · Latin jazz
T2343	Masayoshi Takanaka	憧れのセーシェル諸島 - Akogareno Seychelles Shotou	Jazz · Fusion planante
T2344	Masayoshi Takanaka	珊瑚礁の妖精 (Live At 日本武道館 / 1979) - Sangoshouno Yousei (Live At Nippon Budokan, 1979)	Jazz · Fusion planante
T2345	Masayoshi Takanaka	空ド白ソ - Sorado Shiraso	Jazz · Fusion énergique
T2346	Masayoshi Takanaka	蜃気楼の島へ - Shinkirouno Shimae	Jazz · Fusion planante
T2347	Masayoshi Takanaka	黒船 (Live At 日本武道館 / 1979) - Kurofune (Live At Nippon Budokan, 1979)	Jazz · Fusion énergique
T2348	Mashrou' Leila	Fasateen	Rock · Rock énergique
T2349	Mateo Dufour	Break It Up (Aline Umber Remix)	Électro · Techno percutante
T2350	Mathame	Skywalking	Électro · Techno hypnotique
T2351	Mathieu Fiset	Chick's Pain	Jazz · Contemporain
T2352	Mathilda Homer	Ready When You Are	Pop · Indie & synth-pop douce
T2353	Matia Bazar	Stasera... Che Sera! (1991 - Remaster)	Pop · Pop rock & pop dansante
T2354	Matt Duncan	The Keys	Rock · Rock doux & mélancolique
T2355	Matt Early	Get To Me Once (Radio Edit) (feat. Abi Flynn)	Électro · House
T2356	Matt french	Italian House Mix 1989 - 1993	Électro · House
T2357	Matthew Dear	You Put A Smell On Me (Nicolas Jaar Remix)	Électro · Techno hypnotique
T2358	Matthew Dekay	Lost In A Moment	Électro · Deep house planante
T2359	Matthew Dekay	Lost In A Moment (Dixon Rework)	Électro · Deep house planante
T2360	Matthew Halsall	Together (Special Edition)	Jazz · Spiritual jazz
T2361	Matthew Herbert	I Hadn't Known (I only heard) (Bonus Track)	Électro · Downtempo chill
T2362	Matthew Herbert	Leipzig	Électro · Downtempo chill
T2363	Matthias Heilbronn	Go Getter (Soulflower Mix) (feat. Monique Bingham)	Électro · Deep house vocale
T2364	Matty	Now What (Matt's Soul Flower Mix)	Électro · Deep house vocale
T2365	Matze	Vectors	Électro · House
T2366	Maurizio Pollini	Chopin: Polonaise-Fantaisie in A-Flat Major, Op. 61	Classique · Romantique passionné
T2367	Max Graef & Muff Deep	Am Fenster	Électro · Deep house instrumentale
T2368	Maxi Beatz	Azul (Instrumental)	Rap · Pays à préciser
T2369	Maxim Saury	Petite fleur	Jazz · Vocal & ballades
T2370	Maximilian Schairer	3. Presto agitato	Classique · Baroque vif
T2371	Maximilian Schairer	Piano Sonatina in C Major, op.55, No.1: I. Allegro	Classique · Baroque vif
T2372	MayanWarrior	Sainte Vie (Live) - Mayan Warrior x Robot Heart - Burning Man 2019	Électro · Techno hypnotique
T2373	Maz	Jolie Fille (feat. Layefa)	Électro · House
T2374	Maze	I Need You	Soul · Soul ballades
T2375	MC Solaar	Bouge de là (Part. 1)	Rap · FR groovy
T2376	McCoy Tyner	We'll Be Together Again	Jazz · Vocal & ballades
T2377	McCoy Tyner	When Sunny Gets Blue	Jazz · Vocal & ballades
T2378	MEDHOUSE	AFRO/DEEP HOUSE MIX - A chill Sunday in Casablanca, Morocco (MedHouse Radio #2)	Électro · Deep house instrumentale
T2379	MEDHOUSE	AFRO/DEEP HOUSE MIX - Adventure of a soul (MedHouse Radio #3)	Électro · Deep house instrumentale
T2380	Medine	Grand Paris (feat. Lartiste, Lino, Sofiane & Alivor)	Rap · FR énergique
T2381	MELCHYOR A	Warning (Melchyor A's Hmida Version)	Électro · Deep house planante
T2382	Mellow Breeze	Phil Upchurch - Companions	Jazz · Jazz-funk & groove
T2383	Melodiesinfonie	Akindstream	Électro · Downtempo chill
T2384	Melodiesinfonie	AO Longo Do Rio	Électro · Downtempo chill
T2385	Melodiesinfonie	Tropicololo	Électro · Downtempo chill
T2386	Melodiesinfonie	Words (feat. Junes)	Électro · Broken beat & nu jazz
T2387	Men I Trust	Morse Code (feat. Odile & Geoffroy)	Pop · Indie & synth-pop douce
T2388	Men I Trust	Show Me How	Pop · Indie & synth-pop douce
T2389	Men I Trust	Show Me How (Garage Session)	Pop · Indie & synth-pop douce
T2390	menace Santana	QLNT	Rap · FR sombre
T2391	Mendes & Mendes	Mitamiyo	Funk · Funk, boogie & disco
T2392	Meteor Airlines	ABRRANIY (Acoustic Version)	Folk · Folk acoustique & traditions
T2393	Metronomy	The Look	Pop · Indie & synth-pop dansante
T2394	MEZERG	Watermelon	Électro · House
T2395	MEZERG	Welcome Theremin	Électro · Breaks & drum'n'bass
T2396	Mézigue	Le problème frenchtouch	Rap · FR groovy
T2397	MF DOOM	Coffin Nails	Rap · US
T2398	MF DOOM	Doomsday (feat. Pebbles The Invisible Girl)	Rap · US
T2399	MF DOOM	Rapp Snitch Knishes (feat. Mr. Fantastik)	Rap · US
T2400	Miami Horror	Emagination (B-Side)	Électro · Nu-disco & synth
T2401	Miami Horror	Leila (Poolside Remix)	Électro · Nu-disco & synth
T2402	Michael Brun	Soweto	Électro · House
T2403	Michael Franks	Nightmoves	Jazz · Lounge & jazz d'ambiance
T2404	Michael Jackson	I Can't Help It	Soul · Soul ballades
T2405	Michael Jackson	P.Y.T. (Pretty Young Thing)	Funk · Funk, boogie & disco
T2406	Michael Jackson	Rock with You (Single Version)	Funk · Funk, boogie & disco
T2407	Michael Kiwanuka	Cold Little Heart	Soul · Soul ballades
T2408	Michel Legrand	April In Paris	Jazz · Vocal & ballades
T2409	Michel Legrand	I Love Paris	Jazz · Swing & big band
T2410	Michel Legrand	La vie en rose	Jazz · Vocal & ballades
T2411	Michel Legrand	Paris canaille	Jazz · Swing & big band
T2412	Michel Legrand	Paris je t'aime d'amour	Jazz · Bop & cool nocturne
T2413	Michel Legrand	Sous le ciel de Paris	Jazz · Bop & cool nocturne
T2414	Michel Legrand	Sous les ponts de Paris	Jazz · Swing & big band
T2415	Michel Legrand	The Last Time I Saw Paris	Jazz · Vocal & ballades
T2416	Michel Legrand	パリは夜もすがら - Paris In The Spring	Jazz · Vocal & ballades
T2417	Michel Legrand	ムーランルージュの歌 - Moulin rouge	Jazz · Bop & cool nocturne
T2418	Michel Petrucciani	Caravan	Jazz · Bop qui swingue
T2419	Michel Petrucciani	Christmas Dreams	Jazz · Vocal & ballades
T2420	Michel Petrucciani	Days Of Wine And Roses	Jazz · Bop & cool nocturne
T2421	Michel Petrucciani	Hommage à Enelram Atsenig	Jazz · Vocal & ballades
T2422	Michel Petrucciani	I Just Say Hello	Jazz · Vocal & ballades
T2423	Michel Petrucciani	In A Sentimental Mood	Jazz · Vocal & ballades
T2424	Michel Petrucciani	Juste un moment	Jazz · Vocal & ballades
T2425	Michel Petrucciani	Memories Of Paris	Jazz · Vocal & ballades
T2426	Michel Petrucciani	Mike Pee	Jazz · Bop qui swingue
T2427	Michel Petrucciani	Night And Day	Jazz · Bop qui swingue
T2428	Michel Petrucciani	Sahara	Jazz · Bop qui swingue
T2429	Michel Petrucciani	ガティット - Gattito	Jazz · Bop qui swingue
T2430	Mick Jenkins	Carefree	Rap · US
T2431	Mick Jenkins	Communicate (feat. Ravyn Lenae)	Rap · US
T2432	Microtonal Guitar - Tolgahan Çoğulu	Bach's Presto on Microtonal Guitar in Werckmeister III Tuning - Burak Akan	Classique · Baroque vif
T2433	Miel De Montagne	Pourquoi pas	Électro · Nu-disco & synth
T2434	Mifrankli24	IF YOU LEAVE TONIGHT	Soul · R&B & neo soul posés
T2435	Mighty Mouse	The Spirit (Extended Mix)	Électro · Nu-disco & synth
T2436	Mike Mainieri	Sara Smile	Jazz · Lounge & jazz d'ambiance
T2437	Miki Matsubara	Jazzy Night	Pop · City pop & disco
T2438	Miki Matsubara	真夜中のドア〜stay with me - Mayonaka no Door~stay with me	Pop · City pop & disco
T2439	Mila Journée	All the Time	Électro · Downtempo chill
T2440	Milanezie	Cute Face (feat. thaHomey & Jäde)	Rap · FR posé
T2441	Mild High Club	Tesselation	Rock · Psyché & prog rêveur
T2442	Miles Davis	A Gal In Calico (Remastered 2025)	Jazz · Bop qui swingue
T2443	Miles Davis	A Night In Tunisia (Remastered 2025)	Jazz · Bop qui swingue
T2444	Miles Davis	All Blues (feat. John Coltrane, Cannonball Adderley & Bill Evans)	Jazz · Bop qui swingue
T2445	Miles Davis	Bitches Brew (feat. Wayne Shorter, Bennie Maupin, John McLaughlin & Chick Corea)	Jazz · Fusion énergique
T2446	Miles Davis	Bitty Ditty (Remastered 2025)	Jazz · Bop qui swingue
T2447	Miles Davis	Blue in Green (feat. John Coltrane & Bill Evans)	Jazz · Bop & cool nocturne
T2448	Miles Davis	Changes (Remastered 2025)	Jazz · Bop qui swingue
T2449	Miles Davis	Dr. Jackle (Remastered 2025)	Jazz · Bop qui swingue
T2450	Miles Davis	Feio (feat. Wayne Shorter, John McLaughlin, Chick Corea & Joe Zawinul)	Jazz · Fusion planante
T2451	Miles Davis	Flamenco Sketches (feat. John Coltrane, Cannonball Adderley & Bill Evans)	Jazz · Bop & cool nocturne
T2452	Miles Davis	Florence sur les Champs-Élysées (Bande originale du film "Ascenseur pour l'échafaud")	Jazz · Bop qui swingue
T2453	Miles Davis	Freddie Freeloader (feat. John Coltrane, Cannonball Adderley, Wynton Kelly & Paul Chambers)	Jazz · Bop qui swingue
T2454	Miles Davis	Générique (Bande originale du film "Ascenseur pour l'échafaud")	Jazz · Bop & cool nocturne
T2455	Miles Davis	Green Haze (Remastered 2025)	Jazz · Vocal & ballades
T2456	Miles Davis	How Am I To Know? (Remastered 2025)	Jazz · Bop qui swingue
T2457	Miles Davis	I Didn't (Remastered 2025)	Jazz · Bop qui swingue
T2458	Miles Davis	I See Your Face Before Me (Remastered 2025)	Jazz · Vocal & ballades
T2459	Miles Davis	John McLaughlin (feat. Wayne Shorter, Bennie Maupin, John McLaughlin & Chick Corea)	Jazz · Fusion énergique
T2460	Miles Davis	Just Squeeze Me (Remastered 2025)	Jazz · Bop qui swingue
T2461	Miles Davis	Miles Runs the Voodoo Down (feat. Wayne Shorter, Bennie Maupin, John McLaughlin & Chick Corea)	Jazz · Jazz-funk & groove
T2462	Miles Davis	Minor March (Remastered 2025)	Jazz · Bop qui swingue
T2463	Miles Davis	Mystery	Rap · US
T2464	Miles Davis	Pharaoh's Dance	Jazz · Fusion planante
T2465	Miles Davis	S'Posin' (Remastered 2025)	Jazz · Bop qui swingue
T2466	Miles Davis	Sanctuary (feat. Wayne Shorter, Bennie Maupin, John McLaughlin & Chick Corea)	Jazz · Fusion planante
T2467	Miles Davis	So What (feat. John Coltrane, Cannonball Adderley & Bill Evans)	Jazz · Bop & cool nocturne
T2468	Miles Davis	Spanish Key (feat. Wayne Shorter, Bennie Maupin, John McLaughlin & Chick Corea)	Jazz · Jazz-funk & groove
T2469	Miles Davis	Stablemates (Remastered 2025)	Jazz · Bop qui swingue
T2470	Miles Davis	The Doo-Bop Song	Rap · US
T2471	Miles Davis	The Theme (Remastered 2025)	Jazz · Bop qui swingue
T2472	Miles Davis	There Is No Greater Love (Remastered 2025)	Jazz · Bop & cool nocturne
T2473	Miles Davis	Will You Still Be Mine? (Remastered 2025)	Jazz · Bop qui swingue
T2474	Miles Davis (trumpet), Barney Wilen (tenor sax), Rene Urtreger (piano), Pierre Michelot (bass), Kenny Clarke (drums)	Ascenseur (Evasion De Julien)	Jazz · Bop & cool nocturne
T2475	Miles Davis (trumpet), Barney Wilen (tenor sax), Rene Urtreger (piano), Pierre Michelot (bass), Kenny Clarke (drums)	Assassinat (Take 1) (Visite Du Vigile)	Jazz · Bop & cool nocturne
T2476	Miles Davis (trumpet), Barney Wilen (tenor sax), Rene Urtreger (piano), Pierre Michelot (bass), Kenny Clarke (drums)	Assassinat (Take 2) (Julien Dans L'ascenseur)	Jazz · Bop & cool nocturne
T2477	Miles Davis (trumpet), Barney Wilen (tenor sax), Rene Urtreger (piano), Pierre Michelot (bass), Kenny Clarke (drums)	Assassinat (Take 3) (L'assassinat De Carala)	Jazz · Bop & cool nocturne
T2478	Miles Davis (trumpet), Barney Wilen (tenor sax), Rene Urtreger (piano), Pierre Michelot (bass), Kenny Clarke (drums)	Au Bar Du Petit Bac	Jazz · Bop qui swingue
T2479	Miles Davis (trumpet), Barney Wilen (tenor sax), Rene Urtreger (piano), Pierre Michelot (bass), Kenny Clarke (drums)	Chez Le Photographe Du Motel	Jazz · Bop & cool nocturne
T2480	Miles Davis (trumpet), Barney Wilen (tenor sax), Rene Urtreger (piano), Pierre Michelot (bass), Kenny Clarke (drums)	Diner Au Motel	Jazz · Bop qui swingue
T2481	Miles Davis (trumpet), Barney Wilen (tenor sax), Rene Urtreger (piano), Pierre Michelot (bass), Kenny Clarke (drums)	Evasion De Julien	Jazz · Bop & cool nocturne
T2482	Miles Davis (trumpet), Barney Wilen (tenor sax), Rene Urtreger (piano), Pierre Michelot (bass), Kenny Clarke (drums)	Final (Chez Le Photographe Du Motel)	Jazz · Bop & cool nocturne
T2483	Miles Davis (trumpet), Barney Wilen (tenor sax), Rene Urtreger (piano), Pierre Michelot (bass), Kenny Clarke (drums)	Florence Sur Les Champs-Elysees	Jazz · Bop qui swingue
T2484	Miles Davis (trumpet), Barney Wilen (tenor sax), Rene Urtreger (piano), Pierre Michelot (bass), Kenny Clarke (drums)	Generique	Jazz · Bop & cool nocturne
T2485	Miles Davis (trumpet), Barney Wilen (tenor sax), Rene Urtreger (piano), Pierre Michelot (bass), Kenny Clarke (drums)	Julien Dans L'Ascenseur	Jazz · Bop & cool nocturne
T2486	Miles Davis (trumpet), Barney Wilen (tenor sax), Rene Urtreger (piano), Pierre Michelot (bass), Kenny Clarke (drums)	L'Assassinat De Carala	Jazz · Bop & cool nocturne
T2487	Miles Davis (trumpet), Barney Wilen (tenor sax), Rene Urtreger (piano), Pierre Michelot (bass), Kenny Clarke (drums)	Le Petit Bal (Au Bar Du Petit Bac)	Jazz · Bop qui swingue
T2488	Miles Davis (trumpet), Barney Wilen (tenor sax), Rene Urtreger (piano), Pierre Michelot (bass), Kenny Clarke (drums)	Motel (Diner Au Motel)	Jazz · Bop qui swingue
T2489	Miles Davis (trumpet), Barney Wilen (tenor sax), Rene Urtreger (piano), Pierre Michelot (bass), Kenny Clarke (drums)	Nuit Sur Les Champs-ELysees (Florence Sur Les Champs-ELysees)	Jazz · Bop & cool nocturne
T2490	Miles Davis (trumpet), Barney Wilen (tenor sax), Rene Urtreger (piano), Pierre Michelot (bass), Kenny Clarke (drums)	Nuit Sur Les Champs-ELysees (Generique)	Jazz · Bop & cool nocturne
T2491	Miles Davis (trumpet), Barney Wilen (tenor sax), Rene Urtreger (piano), Pierre Michelot (bass), Kenny Clarke (drums)	Sequence Voiture (Sur L'Autoroute)	Jazz · Bop qui swingue
T2492	Miles Davis (trumpet), Barney Wilen (tenor sax), Rene Urtreger (piano), Pierre Michelot (bass), Kenny Clarke (drums)	Sur L'Autoroute	Jazz · Bop qui swingue
T2493	Miles Davis (trumpet), Barney Wilen (tenor sax), Rene Urtreger (piano), Pierre Michelot (bass), Kenny Clarke (drums)	Visite Du Vigile	Jazz · Bop & cool nocturne
T2494	MillyBeats	[FREE] Groovy 80s Type Beat - "boogie"	Funk · Funk, boogie & disco
T2495	Milton Nascimento	Clube Da Esquina Nº2 (Acústico)	Brésil · MPB douce
T2496	Milton Wright	Get No Lovin' Tonight	Soul · Soul groovy
T2497	Mina	Conversazione	Pop · Ballades
T2498	Mina	Parole parole (2001 Remastered Version)	Pop · Ballades
T2499	MINACELENTANO	Acqua e sale	Pop · Ballades
T2500	Ministère Amer	Traîtres (Remasterisé)	Rap · FR sombre
T2501	Minuit 10	Mansour	Pop · Indie & synth-pop douce
T2502	Mira Ló	My Best Memory (feat. Lou Martini)	Électro · House
T2503	Mirana Faiz	Mirana Faiz - Bach G minor arranged by Luo Ni	Classique · Baroque lent
T2504	Mister V	Viano (feat. Samy Ceezy)	Rap · FR énergique
T2505	Mk.gee	Anabell	Pop · Indie & synth-pop douce
T2506	Mobb Deep	Shook Ones, Pt. II	Rap · US
T2507	Moby	Porcelain	Électro · Downtempo chill
T2508	Mochakk	Jealous	Électro · Techno percutante
T2509	Modjo	Acknowledgement	Électro · House
T2510	Modjo	Lady (Hear Me Tonight)	Électro · House
T2511	Modjo	What I Mean (The Crayon Remix Edit)	Électro · Nu-disco & synth
T2512	Mohamed Allaoua	Tismin	Maghreb · Raï & chaâbi
T2513	Mohamed Lamouri	Tgoul Maaraft (Bonustrack U.R.L. Mix)	Maghreb · Raï & chaâbi
T2514	Mohamed Mazouni	La tat akheri	Maghreb · Raï & chaâbi
T2515	Mohamed Mounir	Kreeshendo	Orient · Pop arabe
T2516	Moji x Sboy	EDWARD	Rap · FR sombre
T2517	Moji x Sboy	LA FIN DE L'HISTOIRE	Rap · FR sombre
T2518	Moji x Sboy	LA LUNE À DÉCROCHER	Rap · FR sombre
T2519	Moji x Sboy	Ma go	Rap · FR introspectif
T2520	Moji x Sboy	VIVIENNE WESTWOOD	Rap · FR groovy
T2521	Moka Boka	Heracles (feat. Swing)	Rap · FR groovy
T2522	Moloko	Forever More (Can 7 Safari Club Mix)	Électro · House
T2523	Moloko	Sing It Back (Boris Dlugosch Musical Mix)	Électro · House
T2524	Moloko	Sing It Back (Herbert's Tasteful Dub)	Électro · Deep house instrumentale
T2525	Monique Bingham	Bloody Lucky (Chymamusique Remix)	Électro · Deep house vocale
T2526	Monique Bingham	Deep In The Bottom (of Africa)	Électro · Deep house planante
T2527	Monique Bingham	Gets You Off	Électro · Deep house vocale
T2528	Monique Bingham	Little W. 12th St. (Ralf GUM Main Mix)	Électro · Deep house vocale
T2529	Monique Bingham	You Me World (Distant Music Mix)	Électro · Deep house vocale
T2530	Monk.e	Rembrandt	Rap · Pays à préciser
T2531	Monolink	Father Ocean (Ben Böhmer Remix Edit)	Électro · Techno hypnotique
T2532	Monsieur Nov	Dernier je t'aime (feat. Josman)	Rap · FR introspectif
T2533	Monster Florence	Deck Of Cards	Électro · Downtempo chill
T2534	Moods	Treat U Good	Soul · R&B & neo soul groovy
T2535	Moodymann	Back at Bakers (On Livernois)	Électro · Deep house instrumentale
T2536	Moodymann	Black Mahogani	Électro · Deep house instrumentale
T2537	Moodymann	Come 2 Me	Électro · Deep house instrumentale
T2538	Moodymann	Desire	Électro · Deep house instrumentale
T2539	Moodymann	Downtown	Électro · Deep house vocale
T2540	Moodymann	Freeki Muthafucka	Électro · Deep house instrumentale
T2541	Moodymann	Girl	Électro · Deep house instrumentale
T2542	Moodymann	Heaven	Électro · Deep house instrumentale
T2543	Moodymann	Hold It Down	Électro · Deep house instrumentale
T2544	Moodymann	Holiday (Live) (feat. Roberta Sweed)	Électro · Deep house instrumentale
T2545	Moodymann	How do U Get 2 Detroit	Électro · Deep house instrumentale
T2546	Moodymann	I Got Werk	Électro · Deep house instrumentale
T2547	Moodymann	I'm Doing Fine (feat. Amp Dog Knight)	Électro · Deep house instrumentale
T2548	Moodymann	I Need You so Much (feat. Roberta Sweed)	Électro · Deep house instrumentale
T2549	Moodymann	I Still Don't Know Yo Name	Électro · Deep house instrumentale
T2550	Moodymann	IGuessuneverbeenlonely	Électro · Deep house instrumentale
T2551	Moodymann	Jimmy D...Nickle	Électro · Deep house instrumentale
T2552	Moodymann	Lyk U Use 2 (feat. Andres)	Électro · Deep house instrumentale
T2553	Moodymann	Mahogani 9000	Électro · Deep house instrumentale
T2554	Moodymann	Mahogany Brown	Électro · Deep house instrumentale
T2555	Moodymann	Max Julien Jacket	Électro · Deep house instrumentale
T2556	Moodymann	Never Quite The Same	Électro · Deep house instrumentale
T2557	Moodymann	No	Électro · Deep house instrumentale
T2558	Moodymann	P.B.C.	Électro · Deep house vocale
T2559	Moodymann	PonyDownCrew	Électro · Deep house instrumentale
T2560	Moodymann	Radio	Électro · Deep house instrumentale
T2561	Moodymann	Roberta Jean Machine (feat. Norma Jean Bell & Roberta Sweed)	Électro · Deep house instrumentale
T2562	Moodymann	Runaway (feat. Roberta Sweed, Norma Jean Bell & Pitch Black City)	Électro · Deep house instrumentale
T2563	Moodymann	Shades of Jae	Électro · Deep house instrumentale
T2564	Moodymann	Sloppy Cosmic	Électro · Deep house instrumentale
T2565	Moodymann	Sunday Hotel	Électro · Deep house vocale
T2566	Moodymann	Ulooklykicecreaminthesummertyme (feat. Nikki O)	Électro · Deep house instrumentale
T2567	Moodymann	Watchin U	Électro · Deep house vocale
T2568	Moodymann	Wednesday Night People	Électro · Deep house vocale
T2569	Moodymann	You're 2 Moody	Électro · Deep house instrumentale
T2570	Moondog	Bird's Lament	Jazz · Swing & big band
T2571	Moondog	High On A Rocky Ledge	Classique · Moderne contemplatif
T2572	Morcheeba	Undress Me Now	Électro · Downtempo chill
T2573	Moriarty	Jimmy	Folk · Folk acoustique & traditions
T2574	Morten Harket	Can't Take My Eyes off You	Pop · Pop rock & pop dansante
T2575	Mose Allison	I Hadn't Anyone Till You	Jazz · Vocal & ballades
T2576	Mostafa Mahjoubi	Wlad Bambara	Maghreb · Gnawa
T2577	Motor City Drum Ensemble	L.O.V.E. (Radio Edit)	Électro · Deep house vocale
T2578	Mou	Sous ma couverture	Pop · Indie & synth-pop douce
T2579	Moussa	Cabrioli	Rap · FR groovy
T2580	Moussa	Vogue Merry	Rap · FR groovy
T2581	Move 78	Middling	Jazz · Jazz-funk & groove
T2582	Move D	Bossa #1 (The Late Night Dance Remix by Le Rubrique)	Électro · Deep house vocale
T2583	Move D	Things Will Come... (...for Those Who Wait)	Électro · Deep house planante
T2584	Mr. Fingers	Can You Feel It	Électro · Deep house planante
T2585	Mr. Fingers	Praise to the Vibes (Mr. Fingers Alternate Version)	Électro · Deep house planante
T2586	Mr. Fingers	What About This Love? (Extended Version)	Électro · Deep house vocale
T2587	Mr. G	Daily Prayer	Électro · Techno percutante
T2588	Mr. G	U Feel Mi (Kai Alce's New Feel)	Électro · Deep house vocale
T2589	Mr GISCARD	Pho	Électro · House
T2590	Mr. ID	Salat Al Nabina (Sifa Remix) (feat. Kawtar Sidik)	Électro · Deep house planante
T2591	Mr V	Jus Dance	Électro · House
T2592	Mr. V	Jus Dance (Christian Nielsen Remix)	Électro · Deep house vocale
T2593	Muddy Monk	En Lea	Pop · Indie & synth-pop douce
T2594	Mulatu Astatke	Dèwèl (Bell)	Jazz · Ethio-jazz
T2595	Mulatu Astatke	Gubèlyé (My Gubel)	Jazz · Ethio-jazz
T2596	Mulatu Astatke	Kasalèfkut Hulu (From All the Time I Have Passed)	Jazz · Ethio-jazz
T2597	Mulatu Astatke	Mètché Dershé (When Am I Going to Reach There?)	Jazz · Ethio-jazz
T2598	Mulatu Astatke	Munayé (My Muna)	Jazz · Ethio-jazz
T2599	Mulatu Astatke	Nètsanèt (Liberty)	Jazz · Ethio-jazz
T2600	Mulatu Astatke	Sabyé (My Saba)	Jazz · Ethio-jazz
T2601	Mulatu Astatke	Tezeta (Nostalgia)	Jazz · Ethio-jazz
T2602	Mulatu Astatke	Tezetayé Antchi Lidj (Baby, My Unforgettable Remembrance)	Jazz · Ethio-jazz
T2603	Mulatu Astatke	Yègellé Tezeta (My Own Memory)	Jazz · Ethio-jazz
T2604	Mulatu Astatke	Yèkatit (February)	Jazz · Ethio-jazz
T2605	Mulatu Astatke	Yèkèrmo Sèw (A Man of Experience and Wisdom)	Jazz · Ethio-jazz
T2606	Munir Bachir	Bent El Chalabiya	Orient · Oud & taqsim
T2607	Munir Bachir	Tal'aa Min Beit Abouha	Orient · Oud & taqsim
T2608	murmur	HEIDY FLY - MÄR | 12.23	Électro · House
T2609	Murphy's Law (UK)	Take My Love (Prunk Remix)	Électro · Nu-disco & synth
T2610	Murray Head	Boy On the Bridge	Rock · Rock doux & mélancolique
T2611	Murray Head	Never Even Thought	Pop · Ballades
T2612	Music for empty rooms	Alan Feanch - Quiet Star [France] Library, Jazz, Ambient (1978)	Jazz · Lounge & jazz d'ambiance
T2613	Music for empty rooms	Shotgun - Stone Women [US] Soul, Funk (1979)	Funk · Funk, boogie & disco
T2614	Music for Meditation and Relaxation	Simple Soul (Tranquil)	Électro · Downtempo chill
T2615	Myd	The Sun	Électro · Nu-disco & synth
T2616	mynameisntjmack	BUNKER/PREROLL	Rap · US
T2617	Myth Syzer	Le code (feat. Bonnie Banane, Ichon & Muddy Monk)	Rap · FR posé
T2618	Myth Syzer	Sans toi (feat. Hamza Al Farissi & Hamza)	Rap · FR introspectif
T2619	MZ	Fonceder	Rap · FR énergique
T2620	N'Gou Bagayoko	Kulu	Afrique · Folk, blues & mandingue
T2621	N'Gou Bagayoko	Tielassigui	Afrique · Folk, blues & mandingue
T2622	Naar	Money Call (with Shobee, Madd, Laylow)	Rap · FR énergique
T2623	Nafta	Andate	Rap · Pays à préciser
T2624	Najib Alhoush	Ya Aen Daly	Funk · Funk arabe des années 70
T2625	Nala Sinephro	Space 7	Jazz · Spiritual jazz
T2626	Nandu	See You	Électro · Deep house planante
T2627	Naomi Sharon	Daughter Of The Sun	Soul · R&B & neo soul posés
T2628	Naps	La kiffance	Rap · FR énergique
T2629	Nara Leão	Este Seu Olhar	Brésil · Bossa nova
T2630	Narciss	Fragments of a Language of Love	Électro · Techno hypnotique
T2631	Narciss	Tall People	Électro · Techno percutante
T2632	Narciss	Until the Day We Meet Again	Électro · Techno percutante
T2633	Naseer Shamma	Danza Del Caballo	Orient · Oud & taqsim
T2634	Nasser	LEH	Rap · Pays à préciser
T2635	nassím	Nymphomaniac	Électro · Downtempo chill
T2636	Nat King Cole	Nature Boy	Jazz · Vocal & ballades
T2637	Nathan Fake	Hypercube	Électro · Techno percutante
T2638	NeedToWant - Piano	Left hand go brrrrr X2	Classique · Moderne tendu
T2639	Negrocan	Cada Vez (Grant Nelson Radio Edit)	Électro · House
T2640	NEIL FRANCES	Some Kind of Static	Électro · Nu-disco & synth
T2641	Nekfeu	1er rôle	Rap · FR introspectif
T2642	Nekfeu	A la base	Rap · FR énergique
T2643	Nekfeu	Alunissons	Rap · FR introspectif
T2644	Nekfeu	Au coeur du G	Rap · FR énergique
T2645	Nekfeu	Avant tu riais (feat. Clara Luciani)	Rap · FR introspectif
T2646	Nekfeu	CDGLAXJFKHNDATH (feat. 2zer & Mekra)	Rap · FR énergique
T2647	Nekfeu	Cheum	Rap · FR introspectif
T2648	Nekfeu	Ciel noir	Rap · FR introspectif
T2649	Nekfeu	Compte les hommes (feat. Alpha Wann)	Rap · FR énergique
T2650	Nekfeu	Dans l'univers (feat. Vanessa Paradis)	Rap · FR introspectif
T2651	Nekfeu	De mes cendres	Rap · FR introspectif
T2652	Nekfeu	De mon mieux	Rap · FR introspectif
T2653	Nekfeu	Dernier soupir	Rap · FR introspectif
T2654	Nekfeu	Ecrire	Rap · FR introspectif
T2655	Nekfeu	Egérie	Rap · FR introspectif
T2656	Nekfeu	Elle en avait envie	Rap · FR introspectif
T2657	Nekfeu	Elle pleut (feat. Nemir)	Rap · FR introspectif
T2658	Nekfeu	Esquimaux (feat. Népal)	Rap · FR groovy
T2659	Nekfeu	Galatée	Rap · FR introspectif
T2660	Nekfeu	Humanoïde	Rap · FR énergique
T2661	Nekfeu	Ken Kaneki	Rap · FR sombre
T2662	Nekfeu	L'air du temps (feat. FRAMAL & Doums)	Rap · FR énergique
T2663	Nekfeu	La moue des morts (feat. S-Crew)	Rap · FR énergique
T2664	Nekfeu	Le bruit de ma ville (feat. Phénomène Bizness)	Rap · FR énergique
T2665	Nekfeu	Le bruit qui court	Rap · FR introspectif
T2666	Nekfeu	Le horla	Rap · FR sombre
T2667	Nekfeu	Les étoiles vagabondes	Rap · FR introspectif
T2668	Nekfeu	Mal aimé	Rap · FR introspectif
T2669	Nekfeu	malevil	Rap · FR sombre
T2670	Nekfeu	Martin Eden	Rap · FR introspectif
T2671	Nekfeu	Menteur menteur	Rap · FR introspectif
T2672	Nekfeu	Natsukashii	Rap · FR introspectif
T2673	Nekfeu	Nekketsu (feat. Crystal Kay)	Rap · FR énergique
T2674	Nekfeu	O.D (feat. Murkage Dave)	Rap · FR cloud & spleen
T2675	Nekfeu	Óλά Καλά	Rap · FR posé
T2676	Nekfeu	Pixels (feat. Crystal Kay)	Rap · FR introspectif
T2677	Nekfeu	Plume	Rap · FR énergique
T2678	Nekfeu	Point d'interrogation (feat. Alpha Wann)	Rap · FR énergique
T2679	Nekfeu	Premier pas	Rap · FR introspectif
T2680	Nekfeu	Princesse (feat. Nemir)	Rap · FR posé
T2681	Nekfeu	Réalité augmentée	Rap · FR sombre
T2682	Nekfeu	Reuf (feat. Ed Sheeran)	Rap · FR introspectif
T2683	Nekfeu	Rêve d'avoir des rêves	Rap · FR introspectif
T2684	Nekfeu	Risibles amours	Rap · FR introspectif
T2685	Nekfeu	Sous les nuages	Rap · FR introspectif
T2686	Nekfeu	Squa	Rap · FR introspectif
T2687	Nekfeu	Takotsubo	Rap · FR introspectif
T2688	Nekfeu	Tempête	Rap · FR énergique
T2689	Nekfeu	Voyage léger	Rap · FR posé
T2690	Nelly	Hot In Herre	Rap · US
T2691	Nemir	Ça sert	Rap · FR introspectif
T2692	Nemir	Des heures	Rap · FR introspectif
T2693	Népal	444 nuits	Rap · FR introspectif
T2694	Népal	Babylone	Rap · FR sombre
T2695	Népal	Bizarre City	Rap · FR sombre
T2696	Népal	Cheddar	Rap · FR groovy
T2697	Népal	Cloud 8	Rap · FR posé
T2698	Népal	Daruma	Rap · FR introspectif
T2699	Népal	Emoji	Rap · FR posé
T2700	Népal	En face (feat. Nekfeu)	Rap · FR introspectif
T2701	Népal	Faute De Time	Rap · FR introspectif
T2702	Népal	Laisse Rouler	Rap · FR posé
T2703	Népal	Lemonade	Rap · FR posé
T2704	Népal	Love64 (Interlude)	Rap · FR posé
T2705	Népal	Malik al mawt	Rap · FR sombre
T2706	Népal	Outro	Rap · FR introspectif
T2707	Népal	Overdab (feat. Fixpen Sill & Waltmann)	Rap · FR groovy
T2708	Népal	Oxmose	Rap · FR sombre
T2709	Népal	Rien d'spécial	Rap · FR introspectif
T2710	Népal	Suga Suga	Rap · FR groovy
T2711	Népal	Sundance	Rap · FR posé
T2712	Népal	Trajectoire	Rap · FR introspectif
T2713	Népal	Vibe (feat. Sheldon)	Rap · FR posé
T2714	Népal	YOLO	Rap · FR groovy
T2715	NeS	KILLCAM (feat. Luther)	Rap · FR sombre
T2716	NeS	LA COURSE - intro	Rap · FR sombre
T2717	NeS	PÔLE SUD - interlude	Rap · FR posé
T2718	Neşe Karaböcek	Koca Dünya	Folk · Folk acoustique & traditions
T2719	Nia Archives	(Over)Thinking	Électro · Breaks & drum'n'bass
T2720	Nico Play	La Ciruela	Brésil · Bossa nova
T2721	Nicola Armellin	90s Underground Hip Hop - Smooth & Hard Indie Tracks (No AI)	Rap · Ailleurs
T2722	Nicola Armellin	Old School & Classic Hip Hop - 17 Underground Tracks (No AI)	Rap · Ailleurs
T2723	Nicola Cruz	Colibria	Électro · Ambient & nappes
T2724	Nicola Cruz	Danza de Vision	Électro · Downtempo chill
T2725	Nicolas Horvath	Gnossienne No. 4	Classique · Moderne contemplatif
T2726	Nicolas Jaar	And I Say	Électro · Nu-disco & synth
T2727	Nicolas Jaar	Beasts of This Earth	Électro · Ambient & nappes
T2728	Nicolas Jaar	Club Kapital	Électro · Techno percutante
T2729	Nicolas Jaar	Colomb	Électro · Ambient & nappes
T2730	Nicolas Jaar	Construction	Électro · Ambient & nappes
T2731	Nicolas Jaar	Divorce	Électro · Ambient & nappes
T2732	Nicolas Jaar	Don't Break My Love	Électro · Ambient & nappes
T2733	Nicolas Jaar	Fall into Time	Électro · Ambient & nappes
T2734	Nicolas Jaar	Fight	Électro · Expérimental & IDM
T2735	Nicolas Jaar	Folie à deux	Électro · Ambient & nappes
T2736	Nicolas Jaar	Garden of Eden	Électro · Ambient & nappes
T2737	Nicolas Jaar	History Lesson	Électro · Downtempo chill
T2738	Nicolas Jaar	Ishmael	Électro · Ambient & nappes
T2739	Nicolas Jaar	Killing Time	Électro · Ambient & nappes
T2740	Nicolas Jaar	Leaves	Électro · Ambient & nappes
T2741	Nicolás Jaar	Mi Mujer	Électro · Techno percutante
T2742	Nicolas Jaar	Mistress	Électro · Ambient & nappes
T2743	Nicolas Jaar	Muse	Électro · Ambient & nappes
T2744	Nicolas Jaar	Near Death	Électro · Ambient & nappes
T2745	Nicolas Jaar	Never Have I Ever	Électro · Ambient & nappes
T2746	Nicolas Jaar	No	Électro · Downtempo chill
T2747	Nicolas Jaar	No One Is Looking at U	Électro · Downtempo chill
T2748	Nicolas Jaar	Nothingness	Électro · Ambient & nappes
T2749	Nicolas Jaar	Pass the Time	Électro · Ambient & nappes
T2750	Nicolas Jaar	Screams at the Edge of Dawn	Électro · Ambient & nappes
T2751	Nicolas Jaar	Shame	Électro · Ambient & nappes
T2752	Nicolas Jaar	Space Is Only Noise If You Can See	Électro · Ambient & nappes
T2753	Nicolas Jaar	Survival	Électro · Ambient & nappes
T2754	Nicolas Jaar	Swim	Électro · Ambient & nappes
T2755	Nicolas Jaar	The Fool and His Harem	Électro · Ambient & nappes
T2756	Nicolas Jaar	The Governor	Électro · Expérimental & IDM
T2757	Nicolas Jaar	The Middle of Nowhere (Jaar Rework)	Électro · Ambient & nappes
T2758	Nicolas Jaar	The Three Sides of Audrey and Why She's All Alone Now	Électro · Expérimental & IDM
T2759	Nicolas Jaar	Three Sides of Nazareth	Électro · Expérimental & IDM
T2760	Nicolas Jaar	Three Windows	Électro · Ambient & nappes
T2761	Nicolás Jaar	Time For Us	Électro · Deep house instrumentale
T2762	Nicolas Jaar	Tourists	Électro · Ambient & nappes
T2763	Nicolas Jaar	Tower of Sin	Électro · Expérimental & IDM
T2764	Nicolas Jaar	Volver	Électro · Ambient & nappes
T2765	Nicolas Jaar	Wouh	Électro · Techno hypnotique
T2766	NightCrawl	Lost Highway	Électro · Expérimental & IDM
T2767	Nikolai Lugansky	24 Preludes, Op. 28: No. 15 in D-Flat Major "Raindrop"	Classique · Romantique tendre
T2768	Nikolai Rimsky-Korsakov	The Flight Of The Bumblebee	Classique · Romantique passionné
T2769	Nikosf.	Solution Illusion	Électro · Techno hypnotique
T2770	Nils Ohrmann	Le Funk Fatale (feat. Karas Day)	Électro · Nu-disco & synth
T2771	Ninho	De l'autre côté (feat. Nekfeu)	Rap · FR cloud & spleen
T2772	Ninho	Dis-moi que tu m'aimes	Rap · FR introspectif
T2773	Ninho	La vie qu'on mène	Rap · FR introspectif
T2774	Ninho	Lettre à une femme	Rap · FR introspectif
T2775	Ninho	Putana	Rap · FR énergique
T2776	Ninho	Tout en Gucci	Rap · FR énergique
T2777	Nino Ferrer	Le sud	Pop · Variété française
T2778	Nio Garcia	Te Boté (Remix) (feat. Darell, Ozuna & Nicky Jam)	Latino · Reggaeton, cumbia & corridos
T2779	Noir	Around (Solomun Vox)	Électro · Deep house planante
T2780	Noni	Be My Friend	Caraïbes · Reggae, dub & dancehall
T2781	Nordinomouk & Bavaz	Cuir De Dragon	Rap · FR groovy
T2782	Nordinomouk & Bavaz	Gore-Tex	Rap · FR groovy
T2783	Nordinomouk & Bavaz	Six Figures	Rap · FR groovy
T2784	Notorious B.I.G.	Big Poppa (2005 Remaster)	Rap · US
T2785	Notre Dame	Eldorado	Pop · Indie & synth-pop douce
T2786	Notre Dame	Yumi	Électro · Techno hypnotique
T2787	nour	Wana	Pop · Indie & synth-pop douce
T2788	Novos Baianos	A Menina Dança	Brésil · Samba & groove
T2789	Novos Baianos	Acabou Chorare	Brésil · MPB douce
T2790	Novos Baianos	Farol Da Barra	Brésil · Samba & groove
T2791	Nox Vahn	Come Together (Extended Mix)	Électro · Techno hypnotique
T2792	NTBR	Island	Électro · Deep house planante
T2793	NTO	Alter Ego	Électro · Techno hypnotique
T2794	NTO	Ayahuasca	Électro · Techno hypnotique
T2795	NTO	Charlie	Électro · Techno hypnotique
T2796	NTO	Croche	Électro · Techno hypnotique
T2797	NTO	La clé des champs	Électro · Techno hypnotique
T2798	NTO	Nevado Sorata	Électro · Techno hypnotique
T2799	NTO	Time	Électro · Techno hypnotique
T2800	Nu	Fool (feat. Jo Ke)	Électro · Deep house planante
T2801	NU	Man O To	Électro · Deep house planante
T2802	NU	Palomita	Électro · Deep house planante
T2803	Nu	SEANKEN BIMA (feat. Seanken Bima)	Électro · Ambient & nappes
T2804	Nu Deco Ensemble	Nu Deco Ensemble - Humans vs Robots (Daft Punk Suite)	Classique · Moderne tendu
T2805	Nu Genea	Marechià (feat. Célia Kameni)	Funk · Funk, boogie & disco
T2806	Nu Genea	Praja Magia	Funk · Funk, boogie & disco
T2807	NxWorries	Link Up	Soul · R&B & neo soul groovy
T2808	O.C. Supertones	Attitude (Hi Fi Revival Album Version)	Rock · Rock énergique
T2809	O'Donel Levy	Love Story (2024 Remastered Version)	Jazz · Lounge & jazz d'ambiance
T2810	oakland	yes, please (feat. Ezra Skys)	Électro · Downtempo chill
T2811	Oceanvs Orientalis	Tarlabasi (Be Svendsen Remix)	Électro · Deep house planante
T2812	Octave One	Blackwater (128 full strings vocal mix)	Électro · Techno hypnotique
T2813	Odeal	Patience	Soul · R&B & neo soul posés
T2814	Oden & Fatzo	Lauren	Électro · House
T2815	Odetto	BONHEUR SAMPLER	Funk · Funk, boogie & disco
T2816	Odezenne	Feuille blanche	Rap · FR introspectif
T2817	Odezenne	James Blunt (feat. Moussa)	Rap · FR introspectif
T2818	OFF Productions	OFF STUDIO - Bernhoft & Nekfeu "Wind You Up"	Soul · Soul groovy
T2819	Ogranya	Do You (feat. T'neeya)	Électro · Deep house vocale
T2820	okis	Roi des banaveurs	Rap · FR sombre
T2821	okis	TOUR DE MAGIE	Rap · FR groovy
T2822	Okvsho	Orange Wine	Électro · Broken beat & nu jazz
T2823	Okvsho	Rasheed	Électro · Broken beat & nu jazz
T2824	Oliver Cheatham	Get Down Saturday Night (Extended Radio Version - Remastered)	Funk · Funk, boogie & disco
T2825	Oliver Dollar	Doin' Ya Thang	Électro · Techno percutante
T2826	Omai.TV/Sofia	Sofia tonight S2E5 - DJ set by Selyann Zouhir	Électro · House
T2827	Omar S	Seen Was Set (feat. Big Strick & Norm Talley)	Électro · Deep house instrumentale
T2828	Onoe Caponoe	Behind the Wall of Sleep	Rap · UK
T2829	ONZE RAYONS	DISCO FUNK (CHAPTER 1) - FULL VINYL DJ SET BY CAMELEON	Funk · Funk, boogie & disco
T2830	Opa Tsupa	Les deux guitares (feat. Nicolas Moro)	Folk · Flamenco & tsigane
T2831	Orgone	Zum Zum (feat. Mermans Mosengo)	Funk · Afrobeat
T2832	Orlandivo	Onde Anda O Meu Amor	Brésil · Samba & groove
T2833	Ornette	Crazy (Nôze Remix)	Électro · Techno percutante
T2834	Os Cariocas	Moshi, Moshi	Brésil · Bossa nova
T2835	Os Cariocas	Rio	Brésil · Bossa nova
T2836	Oscar Peterson Trio	Bag's Groove	Jazz · Bop qui swingue
T2837	Oscar Peterson Trio	Band Call	Jazz · Swing & big band
T2838	Oscar Peterson Trio	C Jam Blues	Jazz · Bop qui swingue
T2839	Oscar Peterson Trio	Easy Does It	Jazz · Swing & big band
T2840	Oscar Peterson Trio	Georgia On My Mind	Jazz · Vocal & ballades
T2841	Oscar Peterson Trio	Honey Dripper	Jazz · Swing & big band
T2842	Oscar Peterson Trio	Hymn to Freedom	Jazz · Lounge & jazz d'ambiance
T2843	Oscar Peterson Trio	I Got It Bad And That Ain't Good	Jazz · Vocal & ballades
T2844	Oscar Peterson Trio	I Got It Bad and That Aint Good	Jazz · Vocal & ballades
T2845	Oscar Peterson Trio	Moten Swing	Jazz · Swing & big band
T2846	Oscar Peterson Trio	Night Train	Jazz · Swing & big band
T2847	Oscar Peterson Trio	Things Ain't What They Used to Be	Jazz · Swing & big band
T2848	Othman El Kheloufi	Dog Market	Jazz · Smooth & groovy
T2849	Oum	Lik Live in Marrakech	Soul · R&B & neo soul posés
T2850	OUM	Lik (Mashti & Polyesta Remix For Womex 14)	Électro · Downtempo chill
T2851	Outside	No Time For Change	Jazz · Jazz-funk & groove
T2852	Oxmo Puccino	Au lipopette bar (Remasterisé)	Rap · FR groovy
T2853	Oxmo Puccino	Les bidons veulent le guidon	Rap · FR sombre
T2854	p-rallel	Vibes (feat. Sam Wise & Venna)	Rap · UK
T2855	p-rallel	WestBorn (feat. Venna)	Électro · Broken beat & nu jazz
T2856	Pachanga Boys	Time	Électro · Techno hypnotique
T2857	Paco de Lucía	Entre Dos Aguas	Folk · Flamenco & tsigane
T2858	Pages	If I Saw You Again (2024 Remaster)	Rock · Yacht rock
T2859	PANTERA BLUE	Lágrima	Latino · Boléro, tango & ballades
T2860	Paoulo Music	Leo	Électro · House
T2861	Paraíso	Teu Sorriso (Jex Opolis Remix)	Électro · Nu-disco & synth
T2862	Parallel Dance Ensemble	Shopping Cart	Électro · Nu-disco & synth
T2863	Parallelle	How Can I Resist (Dub Version)	Électro · Deep house instrumentale
T2864	Parcels	Overnight	Électro · Nu-disco & synth
T2865	Parcels	Tieduprightnow	Électro · Nu-disco & synth
T2866	Pashanim	Mittelmeer	Rap · Ailleurs
T2867	Patchwork Inc.	Lalalalala	Électro · House
T2868	Patrice Rushen	Heartache Heartbreak	Funk · Funk, boogie & disco
T2869	Patrice Rushen	Remind Me	Funk · Funk, boogie & disco
T2870	Patrice Rushen	Settle for My Love (Remastered Version)	Soul · Soul ballades
T2871	Patrice Rushen	Sweetest Taboo	Jazz · Lounge & jazz d'ambiance
T2872	Patrice Rushen	To Each His Own	Funk · Funk, boogie & disco
T2873	Patrice Rushen	Where There Is Love	Soul · Soul ballades
T2874	Patrick Holland	Warm Priority	Électro · Deep house planante
T2875	Paul	Touch - Daft punk but just the groovy moment when you want to move your ass	Électro · Nu-disco & synth
T2876	Paul Chambers	Dear Ann	Jazz · Bop & cool nocturne
T2877	Paul Chambers	Dexterity (feat. John Coltrane)	Jazz · Bop qui swingue
T2878	Paul Chambers	Eastbound (feat. John Coltrane)	Jazz · Bop qui swingue
T2879	Paul Chambers	Easy To Love	Jazz · Bop qui swingue
T2880	Paul Chambers	High Step (feat. John Coltrane)	Jazz · Bop qui swingue
T2881	Paul Chambers	Just For The Love	Jazz · Bop qui swingue
T2882	Paul Chambers	Nita (feat. John Coltrane)	Jazz · Bop qui swingue
T2883	Paul Chambers	Nixon, Dixon And Yates Blues (feat. John Coltrane)	Jazz · Bop qui swingue
T2884	Paul Chambers	Omicron (feat. John Coltrane)	Jazz · Bop qui swingue
T2885	Paul Chambers	Stablemates (feat. John Coltrane)	Jazz · Bop qui swingue
T2886	Paul Chambers	Tale Of The Fingers	Jazz · Bop qui swingue
T2887	Paul Chambers	Trane's Blues (aka John Paul Jones) (feat. John Coltrane)	Jazz · Bop qui swingue
T2888	Paul Chambers	Trane's Strain (feat. John Coltrane)	Jazz · Bop qui swingue
T2889	Paul Chambers	Visitation (feat. John Coltrane)	Jazz · Bop qui swingue
T2890	Paul Chambers	We Six (feat. John Coltrane)	Jazz · Bop qui swingue
T2891	Paul Chambers	Whims Of Chambers	Jazz · Bop qui swingue
T2892	Paulinho Moska	Admiração	Brésil · MPB douce
T2893	Paulo Diniz	O Meu Amor Chorou	Brésil · MPB douce
T2894	Paulus Alinge	Keith Jarrett - Live in Norway 1972 (Full Concert)	Jazz · Bop qui swingue
T2895	PAWSA	PICK UP THE PHONE (feat. Nate Dogg)	Électro · Techno percutante
T2896	PAWSA	TOO COOL TO BE CARELESS	Électro · Techno percutante
T2897	Peet	Déjà fait (feat. JeanJass)	Rap · FR groovy
T2898	Peet	Doublesetbar	Rap · FR énergique
T2899	Peet	La vibe	Rap · FR groovy
T2900	Peet	Smooth (feat. Roméo Elvis)	Rap · FR groovy
T2901	Peet	Wrap	Rap · FR groovy
T2902	Peggy Gou	It Makes You Forget (Itgehane) (Edit)	Électro · House
T2903	PEKOAPRI	つぐない(クラシックギター)	Pop · Ballades
T2904	Peter Cat Recording Co.	Memory Box	Rock · Rock doux & mélancolique
T2905	Peter Jablonski	Chopin: Waltz No. 6 in D flat, Op. 64 No. 1 -"Minute"	Classique · Romantique passionné
T2906	Peter Pringle	THE OLDEST SONG IN THE WORLD	Folk · Folk acoustique & traditions
T2907	Peter Rösel	Doctor Gradus ad Parnassum	Classique · Moderne tendu
T2908	Peven Everett	Heat Up	Électro · Deep house vocale
T2909	Peven Everett	Love Is in the Way	Électro · House
T2910	Peven Everett	Stuck	Soul · R&B & neo soul groovy
T2911	Peven Everett	Sweetness Is	Soul · Soul groovy
T2912	Peven Everett	Sweetness Is (Koyla Remix)	Électro · Deep house vocale
T2913	Peven Everett	World Love	Soul · R&B & neo soul groovy
T2914	Phantom Harmonics	Nocturne in E-flat Major, Op. 9 No. 2 (Jazz)	Jazz · Lounge & jazz d'ambiance
T2915	Phara	Unfold	Électro · Techno hypnotique
T2916	Pharrell Williams	Frontin' (Club Mix) (feat. JAY-Z)	Soul · R&B & neo soul groovy
T2917	Phazers	The Herbie Hancock Group on Danish TV, 1976	Jazz · Jazz-funk & groove
T2918	Phil Berg	Menace	Électro · Techno percutante
T2919	Phil Upchurch	Inner City Blues (Make Me Wanna Holler)	Jazz · Jazz-funk & groove
T2920	Phonique	For The Time Being (feat. Erlend Øye)	Électro · Deep house planante
T2921	Piano Beats and Jam	Fly Me to a Moon [Lethal Company Parody]	Jazz · Lounge & jazz d'ambiance
T2922	PianoTips	Czerny op.599 nr.62 Piano Tutorial | Practical Method for Beginners	Classique · Romantique tendre
T2923	Piero Piccioni	It's Possible (feat. Catherine Howe)	Pop · Ballades
T2924	Piero Piccioni	It's Possible (From "Il Dio sotto la pelle") (feat. Catherine Howe)	Pop · Ballades
T2925	Piero Umiliani	Ciliegi in fiore	Jazz · Lounge & jazz d'ambiance
T2926	Piero Umiliani	Lady Magnolia	Jazz · Lounge & jazz d'ambiance
T2927	Piero Umiliani	Laguna tropicale	Jazz · Lounge & jazz d'ambiance
T2928	Piero Umiliani	Mahè	Jazz · Lounge & jazz d'ambiance
T2929	Piero Umiliani	Nel parco	Jazz · Lounge & jazz d'ambiance
T2930	Piero Umiliani	Pianure d'Asia	Jazz · Lounge & jazz d'ambiance
T2931	Piero Umiliani	Porta d'Oriente	Jazz · Lounge & jazz d'ambiance
T2932	Piero Umiliani	Prime nebbie	Jazz · Lounge & jazz d'ambiance
T2933	Piero Umiliani	Risaie	Jazz · Smooth & groovy
T2934	Piero Umiliani	Tanto lontano	Brésil · Bossa nova
T2935	Pink Floyd	Breathe (In the Air)	Rock · Psyché & prog rêveur
T2936	Pink Floyd	Careful with That Axe, Eugene (Alternative Take) [Live at Pompeii] [2016 Remix]	Rock · Psyché & prog nerveux
T2937	Pink Floyd	Comfortably Numb	Rock · Psyché & prog rêveur
T2938	Pink Floyd	Echoes	Rock · Psyché & prog rêveur
T2939	Pink Floyd	Shine On You Crazy Diamond (Parts 1-5) (Live at Knebworth 1990)	Rock · Psyché & prog rêveur
T2940	Pink Floyd	Shine On You Crazy Diamond (Pts. 1-5)	Rock · Psyché & prog rêveur
T2941	Pink Floyd	Us and Them	Rock · Psyché & prog rêveur
T2942	Pino D'Angiò	Lezione d'amore	Pop · City pop & disco
T2943	Pino D'Angiò	Ma quale idea	Funk · Funk, boogie & disco
T2944	Pino D'Angiò	Okay Okay	Pop · City pop & disco
T2945	Pino D'Angiò	Questo amore è un motore	Pop · City pop & disco
T2946	Pino D'Angiò	Una notte da impazzire	Funk · Funk, boogie & disco
T2947	Pino D'Angiò / duetto con Piera Romoli	Una notte maledetta	Pop · City pop & disco
T2948	Pinty	City Limits	Rap · UK
T2949	Pinty	Found It	Électro · Broken beat & nu jazz
T2950	Pinty	Honey	Rap · UK
T2951	Planet Giza	Short Notice - Planet Giza	Rap · US
T2952	Planet Giza	You Wasn't Lyin'	Rap · US
T2953	PlanetKush	Secco - Frangin (Prod. Cham808)	Rap · FR introspectif
T2954	Player	Baby Come Back	Rock · Yacht rock
T2955	PLK	A la base	Rap · FR énergique
T2956	PLK	Go (feat. Krisy) (feat. Krisy)	Rap · FR énergique
T2957	PLK	Hola	Rap · FR énergique
T2958	PLK	Il pleut à Paris	Rap · FR introspectif
T2959	PLK	La nuit	Rap · FR introspectif
T2960	PNL	A l'ammoniaque	Rap · FR cloud & spleen
T2961	PNL	Bambina	Rap · FR cloud & spleen
T2962	PNL	Déconnecté	Rap · FR cloud & spleen
T2963	PNL	Deux frères	Rap · FR cloud & spleen
T2964	PNL	J'suis PNL	Rap · FR cloud & spleen
T2965	PNL	J'suis QLF	Rap · FR posé
T2966	PNL	Jusqu'au dernier gramme	Rap · FR cloud & spleen
T2967	PNL	La misère est si belle	Rap · FR cloud & spleen
T2968	PNL	Le monde ou rien	Rap · FR cloud & spleen
T2969	PNL	Luz de Luna	Rap · FR cloud & spleen
T2970	PNL	Mexico	Rap · FR cloud & spleen
T2971	PNL	Oh lala	Rap · FR cloud & spleen
T2972	PNL	Recherche du bonheur	Rap · FR cloud & spleen
T2973	PNL	Sur Paname	Rap · FR cloud & spleen
T2974	Poirier	Café Com Leite	Brésil · Samba & groove
T2975	Polo & Pan	Canopée	Électro · Nu-disco & synth
T2976	Pomplamoose	Je Me Suis Fait Tout Petit (feat. John Schroeder)	Pop · Variété française
T2977	Portishead	Glory Box	Électro · Downtempo chill
T2978	Portishead	Roads	Électro · Downtempo chill
T2979	Potatohead People	Late Show Theme	Rap · US
T2980	Potatohead People	Messenger (feat. Sorceress & Mosaic)	Rap · US
T2981	Precipotato	Wolfgang Amadeus Mozart - Piano Concerto No. 20 in D minor, K. 466	Classique · Baroque vif
T2982	Premier Contact	3C273	Jazz · Jazz-funk & groove
T2983	Premier Contact	Andromède	Jazz · Jazz-funk & groove
T2984	Premier Contact	Bételgeuse	Jazz · Jazz-funk & groove
T2985	Premier Contact	Deneb	Jazz · Jazz-funk & groove
T2986	Premier Contact	Polaris	Jazz · Jazz-funk & groove
T2987	Premier Contact	Proxima Centauri B	Jazz · Jazz-funk & groove
T2988	Premier Contact	PSR B1919+21	Jazz · Jazz-funk & groove
T2989	Premier Contact	Sagittarius	Jazz · Jazz-funk & groove
T2990	Premier Contact	Sirius	Jazz · Jazz-funk & groove
T2991	Premier Contact	ST6	Jazz · Jazz-funk & groove
T2992	Premier Contact	Vela Pulsar	Jazz · Jazz-funk & groove
T2993	PRIME	J'aime pas l'amour	Rap · FR cloud & spleen
T2994	Prince	Cold Coffee & Cocaine (Piano & A Microphone 1983 Version)	Soul · Soul groovy
T2995	Prince Waly	Balotelli (feat. Freeze Corleone)	Rap · FR sombre
T2996	Prince Waly	BBF	Rap · FR groovy
T2997	Prince Waly	Bleu (feat. Feu! Chatterton)	Rap · FR introspectif
T2998	Prince Waly	Cra$h (feat. Enchantée Julia & Jazzy Bazz)	Rap · FR groovy
T2999	Prince Waly	Problème (feat. Luidji & Makala)	Rap · FR groovy
T3000	Prinzly	STATION II - DIGITAL EMOTIONS	Rap · Pays à préciser
T3001	PRISM - Topic	MEMORIES OF YOU ~ WHEN YOU WERE GONE	Jazz · Fusion planante
T3002	prodbyjulpich__	(FREE) Ino Casablanca x Josman Type Beat - "Virements" - JULPICH	Rap · FR groovy
T3003	ProOne79	No Plan	Rap · Pays à préciser
T3004	Prunk	Heat	Électro · House
T3005	Prunk	Keep It Simple	Électro · House
T3006	PXNDORA NXGHTS	Night Vegas	Électro · Nu-disco & synth
T3007	Qendresa	2 Much	Soul · R&B & neo soul groovy
T3008	Qendresa	Rumour	Soul · R&B & neo soul posés
T3009	Qendresa	Underwater Haters	Soul · R&B & neo soul groovy
T3010	Quarteto Jobim-Morelenbaum	Água de Beber	Brésil · Bossa nova
T3011	Quentin Harris	Poor People (Big Room Mix)	Électro · House
T3012	Quentin Harris	You Can't Have New York [Shelter Anthem Vocal Mix] (feat. Monique Bingham)	Électro · Deep house vocale
T3013	Quincy Jones	A Sleepin' Bee	Jazz · Swing & big band
T3014	Quincy Jones	Ai No Corrida (feat. Dune)	Funk · Funk, boogie & disco
T3015	Quincy Jones	Along Came Betty	Jazz · Jazz-funk & groove
T3016	Quincy Jones	At The End Of The Day (Grace) (feat. Toots Thielemans, Barry White & Mervyn Warren)	Soul · Soul ballades
T3017	Quincy Jones	Be My Guest	Jazz · Swing & big band
T3018	Quincy Jones	Betcha Wouldn't Hurt Me	Funk · Funk, boogie & disco
T3019	Quincy Jones	Betcha Wouldn't Hurt Me (Extended Version)	Funk · Funk, boogie & disco
T3020	Quincy Jones	Black Orpheus (Manha De Carnaval)	Brésil · Bossa nova
T3021	Quincy Jones	Blues Day	Jazz · Swing & big band
T3022	Quincy Jones	Body Heat	Soul · Soul groovy
T3023	Quincy Jones	Boo's Bloos	Jazz · Swing & big band
T3024	Quincy Jones	Boogie Bossa Nova	Jazz · Latin jazz
T3025	Quincy Jones	Boogie Joe The Grinder	Jazz · Jazz-funk & groove
T3026	Quincy Jones	Bright Moon	Jazz · Vocal & ballades
T3027	Quincy Jones	Chega De Saudade (No More Blues)	Brésil · Bossa nova
T3028	Quincy Jones	Chump Change	Jazz · Jazz-funk & groove
T3029	Quincy Jones	Cool Joe, Mean Joe (Killer Joe)	Rap · US
T3030	Quincy Jones	Dancin' Pants	Jazz · Swing & big band
T3031	Quincy Jones	Desafinado	Brésil · Bossa nova
T3032	Quincy Jones	Do Nothin' Till You Hear From Me (feat. Phil Collins)	Jazz · Swing & big band
T3033	Quincy Jones	Evening In Paris	Jazz · Vocal & ballades
T3034	Quincy Jones	Everything Must Change	Jazz · Vocal & ballades
T3035	Quincy Jones	Everything Must Change (Reprise)	Soul · Soul ballades
T3036	Quincy Jones	Eyes Of Love	Jazz · Vocal & ballades
T3037	Quincy Jones	Heaven's Girl (feat. R. Kelly, Ronald Isley, Aaron Hall & Charlie Wilson)	Soul · R&B & neo soul posés
T3038	Quincy Jones	I'm Gonna Miss You In The Morning	Soul · Soul ballades
T3039	Quincy Jones	If I Ever Lose This Heaven	Soul · Soul groovy
T3040	Quincy Jones	Is It Love That We're Missin' (feat. Gloria Estefan & Warren Wiebe)	Soul · R&B & neo soul posés
T3041	Quincy Jones	Jook Joint Outro (feat. Barry White, Tamia & Toots Thielemans)	Soul · R&B & neo soul posés
T3042	Quincy Jones	Jook Joint Reprise (feat. Ray Charles & Funkmaster Flex)	Funk · Funk, boogie & disco
T3043	Quincy Jones	Just A Man	Soul · Soul ballades
T3044	Quincy Jones	Just Once	Soul · Soul ballades
T3045	Quincy Jones	Kings Road Blues	Jazz · Swing & big band
T3046	Quincy Jones	Lalo Bossa Nova	Brésil · Bossa nova
T3047	Quincy Jones	Let The Good Times Roll (feat. Stevie Wonder, Ray Charles & Bono)	Jazz · Swing & big band
T3048	Quincy Jones	London Derriere	Jazz · Swing & big band
T3049	Quincy Jones	Love I Never Had It So Good	Jazz · Jazz-funk & groove
T3050	Quincy Jones	Love Me By Name (feat. Patti Austin)	Soul · Soul ballades
T3051	Quincy Jones	Love Theme From "The Getaway" (Faraway Forever) (Instrumental)	Jazz · Lounge & jazz d'ambiance
T3052	Quincy Jones	Manteca	Jazz · Latin jazz
T3053	Quincy Jones	Medley: What's New / We'll Be Together Again / Time On My Hands / You Go To My Head / Laura	Jazz · Vocal & ballades
T3054	Quincy Jones	Moody's Mood For Love (I'm In The Mood For Love)	Soul · R&B & neo soul posés
T3055	Quincy Jones	No Bones At All	Jazz · Swing & big band
T3056	Quincy Jones	On The Street Where You Live	Brésil · Bossa nova
T3057	Quincy Jones	One Hundred Ways	Soul · Soul ballades
T3058	Quincy Jones	One Track Mind	Jazz · Jazz-funk & groove
T3059	Quincy Jones	Place Blanche	Jazz · Swing & big band
T3060	Quincy Jones	Razzamatazz	Funk · Funk, boogie & disco
T3061	Quincy Jones	Samba De Una Nota So (One Note Samba)	Jazz · Latin jazz
T3062	Quincy Jones	"Sanford & Son Theme" - NBC-TV (The Streetbeater)	Funk · Funk, boogie & disco
T3063	Quincy Jones	Se E Tarde Me Pardoa (Forgive Me If I'm Late)	Brésil · Bossa nova
T3064	Quincy Jones	Serenata	Brésil · Bossa nova
T3065	Quincy Jones	Sermonette	Jazz · Jazz-funk & groove
T3066	Quincy Jones	Slow Jams (feat. Babyface & Tamia)	Soul · R&B & neo soul posés
T3067	Quincy Jones	Something Special	Funk · Funk, boogie & disco
T3068	Quincy Jones	Soul Bossa Nova	Jazz · Latin jazz
T3069	Quincy Jones	Soul Saga (Song Of The Buffalo Soldier)	Jazz · Jazz-funk & groove
T3070	Quincy Jones	Stockholm Sweetnin'	Jazz · Bop & cool nocturne
T3071	Quincy Jones	Stomp (feat. Coolio, Yo-Yo, Shaquille O'Neal & Luniz)	Funk · Funk, boogie & disco
T3072	Quincy Jones	Stuff Like That (feat. Nickolas Ashford, Valerie Simpson & Chaka Khan)	Funk · Funk, boogie & disco
T3073	Quincy Jones	Summer In The City	Jazz · Jazz-funk & groove
T3074	Quincy Jones	Superstition	Jazz · Jazz-funk & groove
T3075	Quincy Jones	Superwoman (Where Were You When I Needed You) (feat. Patti Austin)	Soul · Soul ballades
T3076	Quincy Jones	Takin It To The Streets (feat. Gwen Guthrie & Luther Vandross)	Funk · Funk, boogie & disco
T3077	Quincy Jones	Tell Me A Bedtime Story	Jazz · Jazz-funk & groove
T3078	Quincy Jones	The Dude	Funk · Funk, boogie & disco
T3079	Quincy Jones	The Oom Is Blues	Jazz · Swing & big band
T3080	Quincy Jones	Tribute To A.F. - RO	Jazz · Jazz-funk & groove
T3081	Quincy Jones	Turn On The Action	Funk · Funk, boogie & disco
T3082	Quincy Jones	Velas	Jazz · Vocal & ballades
T3083	Quincy Jones	Walkin'	Jazz · Swing & big band
T3084	Quincy Jones	You Put A Move On My Heart (feat. Tamia)	Soul · R&B & neo soul posés
T3085	Quincy Jones	You've Got It Bad Girl	Jazz · Jazz-funk & groove
T3086	Quinn Oulton	100 Degrees	Soul · R&B & neo soul groovy
T3087	Quintus Project	Night Flight	Électro · Nu-disco & synth
T3088	R1D1	In The Soul	Électro · Deep house vocale
T3089	Rachid Aseyakhe	Fly me to the moon (Acoustic Arabic) (feat. Amine Makdad)	Orient · Fairouz, tarab & chanson
T3090	Rachid Taha	Comme d'habitude	Maghreb · Raï & chaâbi
T3091	Rad&Co	Unspoken Thoughts	Rap · Pays à préciser
T3092	Radiohead	15 Step	Rock · Psyché & prog nerveux
T3093	Radiohead	2 + 2 = 5	Rock · Rock énergique
T3094	Radiohead	A Punch Up at a Wedding	Rock · Psyché & prog rêveur
T3095	Radiohead	A Wolf At the Door	Rock · Rock énergique
T3096	Radiohead	All I Need	Rock · Psyché & prog rêveur
T3097	Radiohead	Backdrifts	Rock · Psyché & prog rêveur
T3098	Radiohead	Bodysnatchers	Rock · Rock énergique
T3099	Radiohead	Climbing Up the Walls (Zero 7 Mix)	Électro · Ambient & nappes
T3100	Radiohead	Exit Music (For A Film)	Rock · Rock doux & mélancolique
T3101	Radiohead	Faust Arp	Rock · Psyché & prog rêveur
T3102	Radiohead	Go To Sleep	Rock · Rock doux & mélancolique
T3103	Radiohead	House Of Cards	Rock · Psyché & prog rêveur
T3104	Radiohead	I Will	Rock · Psyché & prog rêveur
T3105	Radiohead	Jigsaw Falling Into Place	Rock · Rock énergique
T3106	Radiohead	Myxomatosis	Rock · Psyché & prog nerveux
T3107	Radiohead	No Surprises	Rock · Rock doux & mélancolique
T3108	Radiohead	Nude	Rock · Psyché & prog rêveur
T3109	Radiohead	Reckoner	Rock · Psyché & prog rêveur
T3110	Radiohead	Sail To The Moon	Rock · Psyché & prog rêveur
T3111	Radiohead	Scatterbrain	Rock · Rock doux & mélancolique
T3112	Radiohead	Sit Down. Stand Up	Rock · Psyché & prog nerveux
T3113	Radiohead	Subterranean Homesick Alien	Rock · Rock doux & mélancolique
T3114	Radiohead	The Gloaming	Électro · Expérimental & IDM
T3115	Radiohead	There, There	Rock · Rock énergique
T3116	Radiohead	Videotape	Rock · Psyché & prog rêveur
T3117	Radiohead	We Suck Young Blood	Rock · Psyché & prog nerveux
T3118	Radiohead	Weird Fishes / Arpeggi	Rock · Psyché & prog rêveur
T3119	Radiohead	Where I End and You Begin	Rock · Rock énergique
T3120	Radiohead	You And Whose Army?	Rock · Psyché & prog rêveur
T3121	Radiq	Waiting for My Man (feat. Khansa Batma)	Électro · Downtempo chill
T3122	Radu Lupu	Schubert: 4 Impromptus, D. 899 (Op. 90): No. 4 in A-Flat Major. Allegretto	Classique · Romantique tendre
T3123	Raffaele Attanasio	Chara	Électro · Techno hypnotique
T3124	Ragheb Alama	Nasini El Donya	Orient · Fairouz, tarab & chanson
T3125	Raïna Raï	Zina	Maghreb · Raï & chaâbi
T3126	Raiun	sunkiss	Électro · Downtempo chill
T3127	Ralf GUM	After Midnight (feat. Portia Monique)	Électro · Deep house vocale
T3128	Ralf GUM	All This Love for You (Rocco Main Mix) (feat. Diamondancer)	Électro · Deep house vocale
T3129	Ralf GUM	Back to Love (feat. Joseph Junior & Ayanda Jiya)	Électro · Deep house vocale
T3130	Ralf GUM	Claudette (Ralf Gum Radio Edit) (feat. Monique Bingham)	Électro · Deep house vocale
T3131	Ralf Gum	Kissing Strangers [Ralf Gum & Crisp Original Club Mix] (feat. Monique Bingham)	Électro · Deep house vocale
T3132	Ralf Gum	Little W. 12th St. [Ralf GUM Main Mix] (feat. Monique Bingham)	Électro · Deep house vocale
T3133	Ralf Gum	Take Me To My Love [Main Mix] (feat. Monique Bingham)	Électro · Deep house vocale
T3134	Ralf Gum	The Pap [Ralf GUM Main Mix] (feat. Monique Bingham)	Électro · Deep house vocale
T3135	Ramp	Everybody Loves The Sunshine	Jazz · Jazz-funk & groove
T3136	Rampa	Fluke	Électro · Techno percutante
T3137	Rampa	Necessity	Électro · Deep house instrumentale
T3138	Randy George	Daft Punk - Something About Us - Randy George Theremin	Électro · Downtempo chill
T3139	Randy Weston's African Rhythms	Waltz For Sweet Cakes	Jazz · Jazz-funk & groove
T3140	Rantseni	Resiliencia	Latino · Reggaeton, cumbia & corridos
T3141	Raphael Saadiq	Get Involved	Soul · R&B & neo soul groovy
T3142	Rare Samples & Songs Oleg Tsoy	Bobby Lyle - Inner Space	Jazz · Jazz-funk & groove
T3143	Rare Samples & Songs Oleg Tsoy	Nathan Davis - A Thought For Cannon	Jazz · Bop qui swingue
T3144	Rasch	Aleph	Électro · Techno percutante
T3145	Rasch	Kaligo	Électro · Techno percutante
T3146	Raste	Still Alive	Rap · Pays à préciser
T3147	rebug	run run run	Électro · Downtempo chill
T3148	rebug	run run run (slowed + reverb)	Électro · Downtempo chill
T3149	rebug	run run run (sped up)	Électro · Downtempo chill
T3150	Recondite	Tie In	Électro · Techno hypnotique
T3151	Red	Little bit of Liszt at the end 🫣	Classique · Romantique passionné
T3152	Red Army Choir	Dark Eyes	Folk · Folk acoustique & traditions
T3153	Red Hot Chili Peppers	Can't Stop	Rock · Rock énergique
T3154	Red Hot Chili Peppers	Dani California	Rock · Rock énergique
T3155	Red Hot Chili Peppers	Dark Necessities	Rock · Rock énergique
T3156	Red Hot Chili Peppers	I Could Die for You	Rock · Rock doux & mélancolique
T3157	Red Hot Chili Peppers	It's Only Natural	Rock · Rock doux & mélancolique
T3158	Red Hot Chili Peppers	Otherside	Rock · Rock doux & mélancolique
T3159	Red Hot Chili Peppers	Scar Tissue	Rock · Rock doux & mélancolique
T3160	Red Hot Chili Peppers	Sick Love	Rock · Rock énergique
T3161	Red Hot Chili Peppers	Snow (Hey Oh)	Rock · Rock énergique
T3162	Red Hot Chili Peppers	Under the Bridge	Rock · Rock doux & mélancolique
T3163	Red Hot Chili Peppers	Universally Speaking	Rock · Rock doux & mélancolique
T3164	Red Hot Chili Peppers	Venice Queen	Rock · Rock doux & mélancolique
T3165	Redig	Syrup	Électro · Deep house instrumentale
T3166	Rejjie Snow	Egyptian Luvr	Rap · UK
T3167	Rejjie Snow	Loveleen	Rap · UK
T3168	Rema	Dumebi	Afrique · Afrobeats & amapiano
T3169	rémi.fr	BOSSA NOVA BOUNCE (feat. Pablo Rochat)	Rap · FR groovy
T3170	René & Angela	I Love You More	Soul · Soul ballades
T3171	Resident Advisor	RA Live: Laurent Garnier b2b Seth Troxler at Nuits Sonores 2018	Électro · Techno percutante
T3172	Reuel	REUEL "Tchaikovsky's Piano Concerto No. 1 in B-flat Minor" (Official Video)	Classique · Romantique passionné
T3173	Revers Gagnant	Paradis bleu	Pop · Indie & synth-pop douce
T3174	Rework	You're So Just Just (Matt Tolfrey EC1 Edit)	Électro · Techno percutante
T3175	Ric Wilson	Everyone Moves To LA (feat. Felicia Douglass)	Funk · Funk, boogie & disco
T3176	Rich Medina	The Sickness	Électro · Deep house vocale
T3177	Richard Desjardins	Dans ses yeux	Pop · Variété française
T3178	Rick James	Mary Jane	Funk · Funk, boogie & disco
T3179	Rick Wade	Shinjuku Strut	Électro · Deep house instrumentale
T3180	Rill	Visual Numbers	Électro · Downtempo chill
T3181	Rim'K	Cellophané	Rap · FR sombre
T3182	Rim'K	Room Service	Rap · FR groovy
T3183	Rioleval	Teebee03	Électro · Deep house planante
T3184	Risk Assessment	It’s Not Right But It’s Okay (Vocal Mix Edit) (feat. Monica Blaire)	Électro · Deep house vocale
T3185	RiskSoundSystem	The Sound Is Yours (Kerri Chandler Remix)	Électro · Deep house instrumentale
T3186	Rita Lee	Lança Perfume	Pop · City pop & disco
T3187	Rita Lee	Shangrila	Pop · Ballades
T3188	Riyad Sunbati	Tqasim oud	Orient · Oud & taqsim
T3189	RJ Long	Jeff Beck - Somewhere Over the Rainbow Live May 2010	Rock · Rock doux & mélancolique
T3190	Robson Jorge	Eva	Funk · Funk, boogie & disco
T3191	Robson Jorge	Ginga	Funk · Funk, boogie & disco
T3192	Rocco	Saharien Child	Électro · Deep house instrumentale
T3193	Rodrigo Amarante	O Nao-Pedido de Casamento	Brésil · MPB douce
T3194	Rodrigo Gallardo	Ay Que Sera Del Sol	Électro · Deep house instrumentale
T3195	Roland Leesker	Respect	Électro · Techno percutante
T3196	Romane	Passion (feat. Alice Bassié)	Jazz · Vocal & ballades
T3197	Roméo Elvis	Agora (feat. Jan Paternoster)	Rap · FR introspectif
T3198	Roméo Elvis	Bébé aime la drogue	Rap · FR groovy
T3199	Roméo Elvis	Bobo	Rap · FR groovy
T3200	Roméo Elvis	Bruxelles C'est Devenu La Jungle	Rap · FR énergique
T3201	Roméo Elvis	Calme	Rap · FR groovy
T3202	Roméo Elvis	Chocolat	Rap · FR groovy
T3203	Roméo Elvis	Diable	Rap · FR sombre
T3204	Roméo Elvis	Drôle De Décision	Rap · FR introspectif
T3205	Roméo Elvis	Drôle de question	Rap · FR posé
T3206	Roméo Elvis	François Pignon (feat. Jeanjass)	Rap · FR groovy
T3207	Roméo Elvis	Interlude	Rap · FR groovy
T3208	Roméo Elvis	Intro	Rap · FR groovy
T3209	Roméo Elvis	J'ai vu (feat. Angèle)	Rap · FR introspectif
T3210	Roméo Elvis	Kuneditdoen (with Zwangere Guy) (feat. Zwangere Guy)	Rap · FR énergique
T3211	Roméo Elvis	Lenita	Rap · FR groovy
T3212	Roméo Elvis	Les hommes ne pleurent pas	Rap · FR introspectif
T3213	Roméo Elvis	Ma tête	Rap · FR introspectif
T3214	Roméo Elvis	Nappeux	Rap · FR introspectif
T3215	Roméo Elvis	Pogo	Rap · FR énergique
T3216	Roméo Elvis	Poignée De Punchline	Rap · FR énergique
T3217	Roméo Elvis	Schaerabeek (feat. Loxley)	Rap · FR groovy
T3218	Roméo Elvis	Soleil	Rap · FR énergique
T3219	Roméo Elvis	Solo	Rap · FR introspectif
T3220	Roméo Elvis	Thalys (feat. Lomepal)	Rap · FR groovy
T3221	Roméo Elvis & Le Motel	Assurance (feat. Yellowstraps)	Rap · FR groovy
T3222	Roméo Elvis & Le Motel	Copain	Rap · FR introspectif
T3223	Roméo Elvis & Le Motel	Intro	Rap · FR groovy
T3224	Roméo Elvis & Le Motel	Juliette	Rap · FR groovy
T3225	Roméo Elvis & Le Motel	Morale	Rap · FR groovy
T3226	Ron Hall	The Way You Love Me (feat. Marc Evans)	Électro · House
T3227	Ron Trent	Admira	Électro · Ambient & nappes
T3228	Ron Trent	Bass to Love	Électro · Deep house instrumentale
T3229	Ron Trent	Boogie Down	Électro · Deep house vocale
T3230	Ron Trent	Cool Water (feat. Ivan Conti & Lars Bartkuhn)	Électro · Ambient & nappes
T3231	Ron Trent	Cycle of Many	Électro · Ambient & nappes
T3232	Ron Trent	Energy	Électro · Deep house instrumentale
T3233	Ron Trent	Flos Potentia (Sugar, Cotton, Tabacco) (feat. Khruangbin)	Électro · Ambient & nappes
T3234	Ron Trent	Flowers (feat. Venecia)	Électro · Downtempo chill
T3235	Ron Trent	History	Électro · Deep house planante
T3236	Ron Trent	I Feel the Rhythm	Électro · Deep house instrumentale
T3237	Ron Trent	In the Light	Électro · Deep house instrumentale
T3238	Ron Trent	Melt into you (feat. Alex Malherios)	Électro · Downtempo chill
T3239	Ron Trent	Morning Feve	Électro · Deep house planante
T3240	Ron Trent	On my way home	Électro · Ambient & nappes
T3241	Ron Trent	Piano Track	Électro · Deep house instrumentale
T3242	Ron Trent	Pop, Dip and Spin	Électro · Deep house instrumentale
T3243	Ron Trent	Prescription	Électro · Deep house vocale
T3244	Ron Trent	Seduction	Électro · Deep house vocale
T3245	Ron Trent	Space Ridims	Électro · Deep house planante
T3246	Ron Trent	Sphere (feat. Jean-Luc Ponty)	Électro · Ambient & nappes
T3247	Ron Trent	WARM	Électro · Downtempo chill
T3248	Ron Trent	What do the stars say to you	Électro · Ambient & nappes
T3249	Ron Trent feat. Anthony Nicholson	Soul Samba Express	Électro · Deep house instrumentale
T3250	Ron Trent feat. Chez Damier	Don't Try It	Électro · Deep house instrumentale
T3251	Ron Trent feat. Harry Dennis	Black Magic Woman	Électro · Deep house planante
T3252	Ronnie Foster	Mystic Brew	Jazz · Jazz-funk & groove
T3253	Rony Seikaly	Dancing Alone	Électro · Deep house planante
T3254	Room 5 Feat. Oliver Cheatham	Make Luv (Radio Version)	Électro · House
T3255	Rose Royce	Love Don't Live Here Anymore	Soul · Soul ballades
T3256	Roseaux	Kaät	Afrique · Folk, blues & mandingue
T3257	Rosenna Samson	Nostalgia	Électro · Deep house planante
T3258	Rosie Gaines	Closer Than Close (Mentor Remake)	Électro · Broken beat & nu jazz
T3259	Rosinha De Valença	Summertime	Brésil · MPB douce
T3260	Rounhaa	Dubaï	Rap · FR cloud & spleen
T3261	Rousing Chamber	SOFF | Afro House & Indie Dance Mix by @rousingchamber	Électro · House
T3262	Rousseau	Beethoven - Moonlight Sonata (Full)	Classique · Romantique tendre
T3263	Rousseau	Chopin - Etude Op. 10 No. 3 (Tristesse)	Classique · Romantique tendre
T3264	Rousseau	Clair de Lune [Ver. 1] (Debussy)	Classique · Moderne contemplatif
T3265	Rousseau	Comptine d'un autre ete (Yann Tiersen)	Classique · Moderne contemplatif
T3266	Rousseau	Debussy - Clair de Lune	Classique · Moderne contemplatif
T3267	Rousseau	Etude Op. 10 No. 4 - Torrent (Chopin)	Classique · Romantique passionné
T3268	Rousseau	Für Elise (Beethoven)	Classique · Romantique tendre
T3269	Rousseau	Gymnopédie No. 1 (Satie)	Classique · Moderne contemplatif
T3270	Rousseau	Heroic Polonaise - Op. 53 in A Flat Major (Chopin)	Classique · Romantique passionné
T3271	Rousseau	La Campanella (Liszt)	Classique · Romantique passionné
T3272	Rousseau	Liebesleid - Love's Sorrow (Kreisler)	Classique · Romantique tendre
T3273	Rousseau	Liebestraum No. 3 - Love Dream (Liszt)	Classique · Romantique tendre
T3274	Rousseau	Liszt - Consolation No. 3	Classique · Romantique tendre
T3275	Rousseau	Liszt - Un Sospiro	Classique · Romantique tendre
T3276	Rousseau	Minecraft (C418)	Électro · Downtempo chill
T3277	Rousseau	Moonlight Sonata - 1st Movement (Beethoven)	Classique · Romantique tendre
T3278	Rousseau	Moonlight Sonata - 2nd Movement (Beethoven)	Classique · Baroque lent
T3279	Rousseau	Moonlight Sonata - 3rd Movement (Beethoven)	Classique · Romantique passionné
T3280	Rousseau	Nocturne in E Flat Major - Op. 9 No. 2 (Chopin)	Classique · Romantique tendre
T3281	Rousseau	Prelude in C major (Bach)	Classique · Baroque lent
T3282	Rousseau	Prelude in C Sharp Minor - Op. 3 No. 2 (Rachmaninoff)	Classique · Romantique passionné
T3283	Rousseau	Prelude in E Minor - Op. 28 No. 4 (Chopin)	Classique · Romantique tendre
T3284	Rousseau	Reflets dans l'eau - Images (Debussy)	Classique · Moderne contemplatif
T3285	Rousseau	Rondo Alla Turca - Turkish March (Mozart)	Classique · Baroque vif
T3286	Rousseau	Summer - The Four Seasons (Vivaldi)	Classique · Baroque vif
T3287	Rousseau	The Most Beautiful & Relaxing Piano Pieces (Vol. 1)	Classique · Romantique tendre
T3288	Rousseau	Una Mattina (Ludovico Einaudi)	Classique · Moderne contemplatif
T3289	Rousseau	Winter - The Four Seasons (Vivaldi)	Classique · Baroque vif
T3290	Rove Ranger	Millennial Millenium	Électro · Downtempo chill
T3291	Roy Ayers	Ooh	Funk · Funk, boogie & disco
T3292	Roy Ayers Ubiquity	Everybody Loves The Sunshine	Jazz · Jazz-funk & groove
T3293	Roy Ayers Ubiquity	Gotta Find A Lover	Jazz · Jazz-funk & groove
T3294	Roy Ayers Ubiquity	Mystic Voyage	Jazz · Jazz-funk & groove
T3295	Roy Ayers Ubiquity	Running Away (12-Inch Long Version)	Jazz · Jazz-funk & groove
T3296	Roy Ayers Ubiquity	The Third Eye	Jazz · Jazz-funk & groove
T3297	Röyksopp	Remind Me	Électro · Nu-disco & synth
T3298	RTHLSS Ent. 日本	Buddha Brand – D.L's Midnight Theme Pt.1 | 黒船 (Kurofune) (1996)	Rap · Ailleurs
T3299	Rubén González	Melodía del Río	Latino · Boléro, tango & ballades
T3300	RUBII	BOTB	Rap · UK
T3301	RUBII	Jammin	Rap · UK
T3302	Ruf Dug	Make This Right (Radio Edit)	Électro · Nu-disco & synth
T3303	Russ	Goodbye	Rap · US
T3304	Ry's	ELLIPSE	Rap · FR introspectif
T3305	Ryan Prewett	My Side (feat. Brian Nathan & Andriana)	Soul · R&B & neo soul posés
T3306	S-Crew	J’aurais pas dû	Rap · FR introspectif
T3307	S. Fidelity	Me at the Zoo (Cody Currie Remix)	Électro · Nu-disco & synth
T3308	S.Pri Noir	Kawasaki (feat. Laylow)	Rap · FR sombre
T3309	S R	Barbie Beauty Boutique Soundtrack - Track 4	Électro · House
T3310	S-TEE	TRUESTHONER INTERLUDE	Rap · Pays à préciser
T3311	S-Tone Inc	No Meio Do Samba (S-Tone Dub)	Brésil · Samba & groove
T3312	S-Tone Inc	Todo Mundo Vai	Brésil · Bossa nova
T3313	Saber Rebai	Sidi Mansour	Maghreb · Raï & chaâbi
T3314	Sacha Distel	La belle vie	Pop · Variété française
T3315	Sacha Distel	Oui, oui, oui, oui	Pop · Variété française
T3316	Sade	All About Our Love	Soul · Soul ballades
T3317	Sade	Bullet Proof Soul	Soul · Soul groovy
T3318	Sade	By Your Side	Soul · Soul ballades
T3319	Sade	Cherish the Day	Soul · Soul ballades
T3320	Sade	Cherish the Day (Live)	Soul · Soul ballades
T3321	Sade	Cherry Pie	Soul · Soul groovy
T3322	Sade	Clean Heart	Soul · Soul groovy
T3323	Sade	Every Word	Soul · Soul ballades
T3324	Sade	Fear	Soul · Soul ballades
T3325	Sade	Feel No Pain	Soul · Soul groovy
T3326	Sade	Flow	Soul · Soul ballades
T3327	Sade	Frankie's First Affair	Soul · Soul ballades
T3328	Sade	Give It Up	Soul · Soul groovy
T3329	Sade	Hang on to Your Love	Soul · Soul groovy
T3330	Sade	Hang On to Your Love (Long Version)	Soul · Soul groovy
T3331	Sade	Haunt Me	Soul · Soul ballades
T3332	Sade	I Couldn't Love You More	Soul · Soul ballades
T3333	Sade	I Never Thought I'd See the Day	Soul · Soul ballades
T3334	Sade	I Will Be Your Friend	Soul · Soul ballades
T3335	Sade	Immigrant	Soul · Soul ballades
T3336	Sade	Is It a Crime	Soul · Soul ballades
T3337	Sade	Is It a Crime (Live)	Soul · Soul ballades
T3338	Sade	It's Only Love That Gets You Through	Soul · Soul ballades
T3339	Sade	Jezebel	Soul · Soul ballades
T3340	Sade	Jezebel (Live)	Soul · Soul ballades
T3341	Sade	Keep Looking	Soul · Soul groovy
T3342	Sade	King of Sorrow	Soul · Soul ballades
T3343	Sade	Kiss of Life	Soul · Soul ballades
T3344	Sade	Kiss of Life (Live)	Soul · Soul groovy
T3345	Sade	Like a Tattoo	Soul · Soul ballades
T3346	Sade	Like a Tattoo (Live Video from San Diego)	Soul · Soul ballades
T3347	Sade	Love Is Stronger Than Pride	Soul · Soul ballades
T3348	Sade	Lovers Rock	Soul · Soul ballades
T3349	Sade	Maureen	Soul · Soul groovy
T3350	Sade	Mermaid	Jazz · Lounge & jazz d'ambiance
T3351	Sade	Morning Bird	Pop · Ballades
T3352	Sade	Mr Wrong	Soul · Soul groovy
T3353	Sade	Never as Good as the First Time	Soul · Soul groovy
T3354	Sade	No Ordinary Love	Soul · Soul ballades
T3355	Sade	No Ordinary Love (Live)	Soul · Soul ballades
T3356	Sade	Nothing Can Come Between Us	Soul · Soul groovy
T3357	Sade	Paradise	Soul · Soul groovy
T3358	Sade	Paradise (Live)	Soul · Soul groovy
T3359	Sade	Paradise / Nothing Can Come Between Us (Live 2011)	Soul · Soul groovy
T3360	Sade	Pearls	Soul · Soul ballades
T3361	Sade	Please Send Me Someone to Love	Soul · Soul ballades
T3362	Sade	Punch Drunk	Jazz · Jazz-funk & groove
T3363	Sade	Sally	Soul · Soul ballades
T3364	Sade	Siempre Hay Esperanza	Soul · Soul groovy
T3365	Sade	Skin (Live 2011)	Soul · Soul ballades
T3366	Sade	Slave Song	Caraïbes · Reggae, dub & dancehall
T3367	Sade	Smooth Operator (Live)	Soul · Soul groovy
T3368	Sade	Smooth Operator (Single Version)	Soul · Soul groovy
T3369	Sade	Somebody Already Broke My Heart	Soul · Soul ballades
T3370	Sade	Tar Baby	Soul · Soul groovy
T3371	Sade	The Sweetest Gift	Soul · Soul ballades
T3372	Sade	The Sweetest Taboo	Soul · Soul groovy
T3373	Sade	The Sweetest Taboo (Live)	Soul · Soul groovy
T3374	Sade	Turn My Back On You	Soul · Soul groovy
T3375	Sade	War of the Hearts	Soul · Soul ballades
T3376	Sade	When Am I Going to Make a Living	Soul · Soul groovy
T3377	Sade	Why Can't We Live Together	Soul · Soul groovy
T3378	Sade	You're Not the Man	Soul · Soul ballades
T3379	Sade	Your Love Is King	Soul · Soul ballades
T3380	Sade	Your Love Is King (Live at Live Aid, Wembley Stadium, 13th July 1985)	Soul · Soul ballades
T3381	Safar (FR)	Exorce	Rap · FR sombre
T3382	Saïan Supa Crew	Angela	Rap · FR groovy
T3383	Saint Levant	WAIN MAADY WAIN / وين معدي وين	Orient · Pop arabe
T3384	Sainté	03'	Rap · UK
T3385	Sainte	Champagne Shots	Rap · UK
T3386	Sainte	Compare - A COLORS SHOW	Rap · UK
T3387	Sainte	Hunnids	Rap · UK
T3388	Sainte	On Me	Rap · UK
T3389	Sainte	Round & Round	Rap · UK
T3390	Sainte	Soul Mate	Rap · UK
T3391	Sainte	Stylin'	Rap · UK
T3392	Sal Davis	Quaboos	Funk · Funk arabe des années 70
T3393	Salvatore Adamo	Tombe la neige	Pop · Variété française
T3394	Sam Cooke	A Change Is Gonna Come	Soul · Soul ballades
T3395	Sambabook	Vou Festejar	Brésil · Samba & groove
T3396	Sameed	Dusty Jazz	Électro · Deep house instrumentale
T3397	Sameer Ahmad	Matriochka	Rap · FR sombre
T3398	Samira Saïd	Rouhi	Orient · Pop arabe
T3399	Sampha	Satellite Business	Soul · R&B & neo soul posés
T3400	sample text	Miles Davis - Shhh [In a Silent Way, 1969 Stereo]	Jazz · Fusion planante
T3401	Sandra de Sá	Pela Cidade	Brésil · Samba & groove
T3402	Sandy Barber	I Think I'll Do Some Stepping (On My Own) (OPOLOPO Rework)	Électro · Nu-disco & synth
T3403	Santa	BOEING (feat. La Fève)	Rap · FR énergique
T3404	Santana	Aqua Marine	Jazz · Fusion planante
T3405	Santana	Europa (Earth's Cry Heaven's Smile)	Rock · Rock doux & mélancolique
T3406	Santana	Maria Maria (feat. The Product G&B)	Soul · R&B & neo soul groovy
T3407	Saul feat. Brother Portrait	No Fuss No Fight	Rap · US
T3408	SAULT	Son Shine	Soul · Soul groovy
T3409	Saxson	Beach	Électro · Deep house planante
T3410	SCH	Je la connais	Rap · FR sombre
T3411	SCH	Loup noir	Rap · FR sombre
T3412	SCH	Mannschaft (feat. Freeze Corleone)	Rap · FR sombre
T3413	SCH	Otto	Rap · FR sombre
T3414	Schacke	Met Her At The Herrensauna (Dj Ibon's Club Mix) (DJ Ibon's Club Mix)	Électro · Techno percutante
T3415	Schmoov!	In Yo Soul	Électro · Deep house instrumentale
T3416	Schmoov!	Playground	Électro · Nu-disco & synth
T3417	Schmoov!	Taking Me Over	Électro · Nu-disco & synth
T3418	Scylla	Solitude	Rap · FR introspectif
T3419	Seafood Sam	Ramsey	Rap · US
T3420	Sean McCabe feat. Jennifer Wallace	Something About You	Électro · Deep house vocale
T3421	Seatbelts	Mushroom Hunting	Jazz · Spiritual jazz
T3422	Seatbelts	Rush	Jazz · Swing & big band
T3423	Seb Wildblood	Jazz, Vol. 1	Électro · Deep house instrumentale
T3424	Seb Wildblood	Jazz, Vol. 1 (Christopher Rau Remix)	Électro · Deep house instrumentale
T3425	Seb Wildblood	Seal of Approval	Électro · Deep house instrumentale
T3426	Sebastião Tapajos	Dora / Saudade da Bahia	Brésil · Samba & groove
T3427	Sebastien Casanova	Cloudy Others (feat. Arthur Alfocea)	Électro · Deep house planante
T3428	Sébastien Léger	KissShower	Électro · Techno hypnotique
T3429	Sébastien Tellier	La ritournelle	Électro · Downtempo chill
T3430	Secret Value Orchestra	Serious Intentions	Électro · Deep house instrumentale
T3431	Selug	Léon (feat. Luther)	Rap · FR cloud & spleen
T3432	Senamo	Fleurs du mal	Rap · FR introspectif
T3433	Serane	S9	Rap · Pays à préciser
T3434	Session Victim	Hide and Seek	Électro · Deep house instrumentale
T3435	Session Victim	House in the Hills	Électro · Deep house instrumentale
T3436	Seth Gueko	Titi parisien [Remix] (feat. Oxmo Puccino & Nekfeu)	Rap · FR énergique
T3437	Seu Jorge	Amiga da Minha Mulher	Brésil · Samba & groove
T3438	Seu Jorge	Dia de Comemorar	Brésil · Samba & groove
T3439	Seu Jorge	Tive Razão (Ao Vivo)	Brésil · Samba & groove
T3440	Seu Jorge	Zé do Caroço (Ao Vivo)	Brésil · Samba & groove
T3441	shahine96	[3] DANI CALIFORNIA BAND COVER	Rock · Rock énergique
T3442	Shakatak	Invitations (Extended Mix)	Jazz · Jazz-funk & groove
T3443	Shake The Dog	Do It (feat. Monique Bingham)	Électro · Deep house vocale
T3444	Shake The Dog	Run (feat. Monique Bingham)	Électro · House
T3445	Shakedown	At Night	Électro · House
T3446	Sharon Revoal	Reaching for Our Star	Soul · Soul groovy
T3447	Shawn Cartier	Lemon	Pop · Indie & synth-pop douce
T3448	Shazz	Mirage	Électro · Downtempo chill
T3449	Sherine	Sabry Aalil	Orient · Fairouz, tarab & chanson
T3450	Shigeo Sekito	Paroles Paroles	Jazz · Lounge & jazz d'ambiance
T3451	Shigeo Sekito	The Word 2	Jazz · Lounge & jazz d'ambiance
T3452	Shigeo Sekito	The Word 2 (Remixed by Masamichi Torii)	Électro · Ambient & nappes
T3453	Shigeru Suzuki	Coral Reef	Pop · City pop & disco
T3454	Shigeru Suzuki	Noa Noa	Pop · City pop & disco
T3455	Shigeru Suzuki	Passion Flower	Pop · City pop & disco
T3456	Shiro SAGISU	Nothing Can Be Explained (inst ver.) - Nothing Can Be Explained (Instumental Version)	Classique · Moderne contemplatif
T3457	Shkoon	Ala Moj Al Bahr (Goldcap Remix)	Électro · Deep house planante
T3458	Shobee	Train De Vie (feat. Laylow)	Rap · Maghreb
T3459	Shouse	Love Tonight (Edit)	Électro · House
T3460	Shy High	formula (feat. Garrett Sparrow)	Rap · US
T3461	Shy High	independent films	Rap · US
T3462	Sidney Bechet	Blues in Thirds	Jazz · Vocal & ballades
T3463	Sidney Bechet	Embraceable You	Jazz · Vocal & ballades
T3464	Sidney Bechet	I Got Rhythm	Jazz · Swing & big band
T3465	Sidney Bechet	I've Found a New Baby	Jazz · Swing & big band
T3466	Sidney Bechet	King Porter Stomp	Jazz · Swing & big band
T3467	Sidney Bechet	Nuages	Jazz · Vocal & ballades
T3468	Sidney Bechet	On the Sunny Side of the Street	Jazz · Swing & big band
T3469	Sidney Bechet	Petite Fleur (Live - Remastered)	Jazz · Vocal & ballades
T3470	Sidney Bechet	Rose de Picardie	Jazz · Vocal & ballades
T3471	Sidney Bechet	Stormy Weather	Jazz · Vocal & ballades
T3472	Sidney Bechet	Sweet Georgia Brown	Jazz · Swing & big band
T3473	Sidney Bechet	Who's Sorry Now?	Jazz · Swing & big band
T3474	Silva	Fica Tudo Bem	Brésil · MPB douce
T3475	Simon & Garfunkel	The Sound of Silence (Acoustic Version)	Folk · Folk acoustique & traditions
T3476	Sir Piers	Don't You Love Me [Original Full Length Main Mix] (feat. Monique Bingham)	Électro · Deep house vocale
T3477	Sixth Station Trio	Great Fairy Fountain (From "The Legend of Zelda: Skyward Sword")	Jazz · Lounge & jazz d'ambiance
T3478	Sköne	À la poursuite d'un oiseau bleu	Rap · FR posé
T3479	Sligo	Aurora (DJ IBON Remix)	Électro · Techno percutante
T3480	Sly & The Family Stone	If You Want Me to Stay	Funk · Funk, boogie & disco
T3481	Sly, Slick & Wicked	Sho' Nuff	Soul · Soul groovy
T3482	Smino	Z4L	Soul · R&B & neo soul groovy
T3483	Smockey	Le Président, Ma Moto Et Moi	Rap · Ailleurs
T3484	Snarky Puppy	Lingus	Jazz · Fusion énergique
T3485	Sneazzy	SANG FROID (feat. Laylow)	Rap · FR sombre
T3486	Snoh Aalegra	Nothing Burns Like The Cold (feat. Vince Staples)	Soul · R&B & neo soul posés
T3487	Snoop Dogg	Gin and Juice	Rap · US
T3488	Snoop Dogg	Let's Get Blown	Rap · US
T3489	Snoop Dogg	Mulholland Drive	Rap · US
T3490	Snowy White	How Was It for You	Rock · Blues mélancolique
T3491	Snowy White	Midnight Blues	Rock · Blues mélancolique
T3492	Sofiane Pamart	FOREVER	Classique · Moderne contemplatif
T3493	Sofiane Pamart	Medellin	Classique · Moderne contemplatif
T3494	Sofiane Pamart	SOLITUDE	Classique · Moderne contemplatif
T3495	Sofiane Pamart	They Said I Was « Just A Musician »	Classique · Moderne contemplatif
T3496	sofiane salamane	LIYEH LIYEH (Live)	Maghreb · Raï & chaâbi
T3497	Solar House	Got 2 B U	Électro · Deep house vocale
T3498	Soldiers Of Twilight	Believe (Extended Mix)	Électro · Deep house vocale
T3499	Soldiers Of Twilight	Ready E	Électro · Deep house vocale
T3500	SoloGuitarSessions	Late Night Slow Blues Backing Track in C Minor | Guitar Jam – Into the Night	Rock · Blues mélancolique
T3501	Solomun	Never Sleep Again (Keinemusik Remix)	Électro · Deep house instrumentale
T3502	Son Little	bbbaby	Soul · R&B & neo soul groovy
T3503	Sonia Rosa	The Shadow Of Your Smile	Brésil · Bossa nova
T3504	Sonny Clark	Come Rain Or Come Shine (feat. John Coltrane)	Jazz · Bop & cool nocturne
T3505	Sonny Clark	News For Lulu (feat. John Coltrane)	Jazz · Bop qui swingue
T3506	Sonny Clark	Sonny's Crib (Alternate Take)	Jazz · Bop qui swingue
T3507	Sonny Clark	Sonny's Crib (feat. John Coltrane)	Jazz · Bop qui swingue
T3508	Sonny Clark	Speak Low (Alternate Take) (feat. John Coltrane)	Jazz · Bop qui swingue
T3509	Sonny Clark	Speak Low (feat. John Coltrane)	Jazz · Bop qui swingue
T3510	Sonny Clark	With A Song In My Heart (Alternate Take)	Jazz · Bop qui swingue
T3511	Sonny Clark	With A Song In My Heart (feat. John Coltrane)	Jazz · Bop qui swingue
T3512	Sopico	Bonne étoile	Rap · FR introspectif
T3513	Sopico	Le hasard ou la chance (Colors Version)	Rap · FR introspectif
T3514	Sopico	Unplugged #4: La nuit	Rap · FR introspectif
T3515	Sopico	Unplugged #5: Robotique	Rap · FR introspectif
T3516	Soul Button	Paramour	Électro · Techno hypnotique
T3517	Soul Keita	Democracy, I Was Thirsty (Orginal Mix) (feat. Nicolas Jaar)	Électro · Techno hypnotique
T3518	Soul Keita	Dusties n' 808s	Rap · Pays à préciser
T3519	Soul Saver	Another Day	Électro · Deep house instrumentale
T3520	Soulsearcher	Can't Get Enough! (Prunk Remix)	Électro · Nu-disco & synth
T3521	Soulstance	Blue Grassland	Électro · Deep house instrumentale
T3522	Space Dimension Controller	Early Steps	Électro · Ambient & nappes
T3523	Spandau Ballet	True	Pop · Ballades
T3524	Sparkle	What About	Funk · Funk, boogie & disco
T3525	Specter	Windtalker	Électro · House
T3526	Spider ZED	envie de rien	Rap · FR cloud & spleen
T3527	Spinall	Sere	Afrique · Afrobeats & amapiano
T3528	Spirit of Ecstasy	Ateyaba - metacultivation	Rap · FR posé
T3529	Squall p	Amsterdame	Rap · FR sombre
T3530	Squall p	CALLIGRAPHIE	Rap · FR sombre
T3531	Squall p	GRAND GALA	Rap · FR groovy
T3532	Squall p	Nova	Rap · FR groovy
T3533	Squall p	PALIER BOUGAINVILLE	Rap · FR groovy
T3534	Squall p	Rolli	Rap · FR sombre
T3535	Stan Getz	Aguas de Marco	Brésil · Bossa nova
T3536	Stan Getz	Autumn Leaves (Live)	Jazz · Bop qui swingue
T3537	Stan Getz	Corcovado (Quiet Nights Of Quiet Stars) (feat. Astrud Gilberto & Antonio Carlos Jobim)	Brésil · Bossa nova
T3538	Stan Getz	Desafinado	Brésil · Bossa nova
T3539	Stan Getz	Doralice (feat. Antonio Carlos Jobim)	Brésil · Bossa nova
T3540	Stan Getz	É Preciso Perdoar	Brésil · Bossa nova
T3541	Stan Getz	O Grande Amor (feat. Antonio Carlos Jobim)	Brésil · Bossa nova
T3542	Stan Getz	Para Machuchar Meu Coracao	Brésil · Bossa nova
T3543	Stan Getz	Só Danço Samba	Brésil · Bossa nova
T3544	Stan Getz	The Girl From Ipanema (feat. Astrud Gilberto & Antonio Carlos Jobim)	Brésil · Bossa nova
T3545	Stan Getz	Vivo Sonhando (feat. Antonio Carlos Jobim)	Brésil · Bossa nova
T3546	Stan Getz	Wee (Allen's Alley)	Jazz · Bop qui swingue
T3547	Stanis	Fractal	Électro · Ambient & nappes
T3548	Stanislav Stanchev	Concert - Harp and Piano | Sofia City Art Gallery	Classique · Moderne contemplatif
T3549	Stanislav Stanchev	Dark Eyes (Очи чёрные) | Piano Tutorial	Folk · Folk acoustique & traditions
T3550	Stavroz	Designer Eggs im Garten	Électro · Deep house planante
T3551	Stavroz	Gold Town	Électro · Ambient & nappes
T3552	Stavroz	Great Day to Fly a Kite	Électro · Deep house planante
T3553	Stavroz	The Finishing	Électro · Deep house planante
T3554	Stavroz	The Finishing (Viken Arman Remix)	Électro · Deep house instrumentale
T3555	Stavroz	The Ginning	Électro · Deep house instrumentale
T3556	Stazzia	You Can't Stop the Groove	Électro · House
T3557	Steely Dan	Godwhacker	Jazz · Jazz-funk & groove
T3558	Steely Dan	Green Earrings (2025 Remaster)	Jazz · Jazz-funk & groove
T3559	Stef Mendesidis	Spectral Transmission	Électro · Techno hypnotique
T3560	Stef Mendesidis	Techno	Électro · Techno percutante
T3561	Stefan Schilli	Oboe Concerto in C Major, RV 452: II. Adagio	Classique · Baroque lent
T3562	Stela	Piece of soul	Soul · R&B & neo soul posés
T3563	Stelvio Cipriani	Libidine (#8)	Jazz · Lounge & jazz d'ambiance
T3564	Stelvio Cipriani	Mary's Theme	Jazz · Lounge & jazz d'ambiance
T3565	Stephan Bodzin	Collider	Électro · Techno hypnotique
T3566	Stephan Bodzin	Singularity	Électro · Techno percutante
T3567	Steve Lacy	Atomic Vomit	Soul · R&B & neo soul groovy
T3568	Steve Spacek	Waiting 4 You	Électro · Broken beat & nu jazz
T3569	STEVIE RAY VAUGHAN	Big Tex Blues	Rock · Blues mélancolique
T3570	Stevie Wonder	Don't You Worry 'Bout A Thing	Soul · Soul groovy
T3571	Stevie Wonder	Ebony Eyes	Soul · Soul groovy
T3572	Stevie Wonder	Part-Time Lover	Soul · Soul groovy
T3573	Stevie Wonder	Skeletons	Funk · Funk, boogie & disco
T3574	Stevie Wonder	Summer Soft	Soul · Soul ballades
T3575	Stevie Wonder	Too High	Funk · Funk, boogie & disco
T3576	Stimming	Bright Star (Sunset Mix)	Électro · Deep house planante
T3577	Stimming	Prepare	Électro · Techno hypnotique
T3578	Sting	Shape Of My Heart	Pop · Ballades
T3579	Stormy	Africain	Rap · Maghreb
T3580	Strath	Mutual Attraction	Électro · Deep house instrumentale
T3581	Stress	Rude Gal	Rap · FR énergique
T3582	Studio Apartment	10 Flight [Nulife Vocal Mix] (feat. Monique Bingham)	Électro · Deep house vocale
T3583	Sublime	baume	Rap · US
T3584	Submorphics	Long Been Gone	Électro · Breaks & drum'n'bass
T3585	Suchmos	PINKVIBES	Rock · Rock énergique
T3586	Sunbear	Rhythm of Our Souls	Jazz · Jazz-funk & groove
T3587	Super Guitar Bros	Fairy Fountain	Jazz · Lounge & jazz d'ambiance
T3588	SuperMegaSuperCool Révolution	Full Shine Render	Électro · Ambient & nappes
T3589	Superstar Prince Aziz	Batman	Électro · Ambient & nappes
T3590	Supertramp	A Soapbox Opera (Live At Pavillon de Paris/1979)	Rock · Psyché & prog rêveur
T3591	Supertramp	Ain't Nobody But Me (Live At Pavillon de Paris/1979)	Rock · Rock énergique
T3592	Supertramp	Asylum (Live At Pavillon de Paris/1979)	Rock · Psyché & prog rêveur
T3593	Supertramp	Bloody Well Right (Live At Pavillon de Paris/1979)	Rock · Psyché & prog nerveux
T3594	Supertramp	Child Of Vision	Rock · Psyché & prog nerveux
T3595	Supertramp	Crime Of The Century (Live At Pavillon de Paris/1979)	Rock · Psyché & prog rêveur
T3596	Supertramp	Dreamer (Live At Pavillon de Paris/1979)	Rock · Rock énergique
T3597	Supertramp	From Now On (Live At Pavillon de Paris/1979)	Rock · Rock doux & mélancolique
T3598	Supertramp	Goodbye Stranger	Rock · Rock énergique
T3599	Supertramp	Hide In Your Shell (Live At Pavillon de Paris/1979)	Rock · Psyché & prog rêveur
T3600	Supertramp	Rudy (Live At Pavillon de Paris/1979)	Rock · Psyché & prog rêveur
T3601	Supertramp	School (Live At Pavillon de Paris/1979)	Rock · Psyché & prog nerveux
T3602	Supertramp	Two Of Us (Live At Pavillon de Paris/1979)	Rock · Rock doux & mélancolique
T3603	Supertramp	You Started Laughing (Live At Pavillon de Paris/1979)	Rock · Blues qui groove
T3604	Sweet Smoke	Baby Night (Remastered 2000)	Rock · Psyché & prog rêveur
T3605	Sweetheart504	D'Angelo- Everybody Loves The Sunshine	Soul · R&B & neo soul posés
T3606	Swing	Rivage	Rap · FR posé
T3607	Sylvia Telles	Manhã De Carnaval	Brésil · Bossa nova
T3608	SZA	Childs Play (feat. Chance the Rapper)	Soul · R&B & neo soul posés
T3609	T-Bone Walker	Blues for Marili	Rock · Blues qui groove
T3610	T-Bone Walker	Blues Rock	Rock · Blues qui groove
T3611	T-Bone Walker	Call It Stormy Monday	Rock · Blues mélancolique
T3612	T-Bone Walker	Evenin'	Rock · Blues mélancolique
T3613	T-Bone Walker	How Long Blues	Rock · Blues mélancolique
T3614	T-Bone Walker	Mean Old World	Rock · Blues mélancolique
T3615	T-Bone Walker	Papa Ain't Salty	Rock · Blues qui groove
T3616	T-Bone Walker	Play on Little Girl	Rock · Blues qui groove
T3617	T-Bone Walker	Shufflin' the Blues	Rock · Blues qui groove
T3618	T-Bone Walker	T-Bone Blues	Rock · Blues mélancolique
T3619	T-Bone Walker	T-Bone Blues Special	Rock · Blues qui groove
T3620	T-Bone Walker	T-Bone Shuffle	Rock · Blues qui groove
T3621	T-Bone Walker	Two Bones and a Pick	Rock · Blues qui groove
T3622	T-Bone Walker	Why Not	Rock · Blues qui groove
T3623	T-Bone Walker	You Don't Know What You're Doing	Rock · Blues qui groove
T3624	T-Hum	Hocus Pocus - Keep it movin'	Rap · Pays à préciser
T3625	T_Pazos	Superego	Électro · Deep house instrumentale
T3626	Table	Hotspot	Électro · House
T3627	Tahl	Kuvira Kombat	Électro · Breaks & drum'n'bass
T3628	Tal Fussman	Burning Bridges	Électro · Techno hypnotique
T3629	Tal Fussman	Children Of 95	Électro · Deep house planante
T3630	Tal Fussman	Even Rome Wasn't Built In a Day	Électro · Techno hypnotique
T3631	Tal Fussman	Here To There	Électro · Techno hypnotique
T3632	Tal Fussman	It Was Misunderstood	Électro · Techno hypnotique
T3633	Tal Fussman	Memo	Électro · Techno hypnotique
T3634	Tal Fussman	Oh, Ok	Électro · Techno hypnotique
T3635	Tal Fussman	The Dawn	Électro · Techno hypnotique
T3636	TALE$	NO FRIENDS (With Elpatron970 & KG970)	Rap · Ailleurs
T3637	TALE$	Perico y Escama	Rap · Ailleurs
T3638	Tale Of Us	Discochord	Électro · Techno hypnotique
T3639	Talos	Oh Girl (feat. Poppy Ajudha)	Pop · Indie & synth-pop douce
T3640	Tamango	MALADIE D'AMOUR	Rap · Ailleurs
T3641	Tamango	Rosso così	Rap · Ailleurs
T3642	Tame Impala	Gossip	Rock · Psyché & prog rêveur
T3643	Tame Impala	Nangs	Rock · Psyché & prog rêveur
T3644	Tame Impala	The Less I Know The Better	Rock · Psyché & prog nerveux
T3645	taro cross	Lee Morgan / Young Lions / VJLP 3013 B	Jazz · Bop qui swingue
T3646	Tatsuro Yamashita	Nostalgia of Island	Électro · Ambient & nappes
T3647	Tatsuro Yamashita	キスカ - Kiska	Pop · City pop & disco
T3648	Tatum Rush	Big Mama (feat. Frah Quintale)	Pop · City pop & disco
T3649	Techno Music H2R	DAngello & Francis - Blade (Extended) Techno	Électro · Techno percutante
T3650	Tekno	GO	Électro · Breaks & drum'n'bass
T3651	Téléphone	Un autre monde	Rock · Rock énergique
T3652	Temudo	Meteora	Électro · Techno percutante
T3653	Terrence Parker	Love's Got Me High (Marc Romboy's Systematic Soul Mix)	Électro · Deep house vocale
T3654	Terrence Parker	Something Here for the Club (Vocal)	Électro · House
T3655	Terry Johns	All the Way (Arr. for Horn & Piano by Anonymous)	Classique · Moderne contemplatif
T3656	Teuteu	Don't Doubt (Slowed + Reverb)	Électro · Ambient & nappes
T3657	tey	La Fève - ESPION (prod.HERMES)	Rap · FR énergique
T3658	The Acid	Ra (David August Remix)	Électro · Deep house planante
T3659	The Alan Parsons Project	Eye In The Sky	Rock · Rock doux & mélancolique
T3660	The Alan Parsons Project	Games People Play	Rock · Psyché & prog nerveux
T3661	The Alan Parsons Project	I Wouldn't Want to Be Like You	Rock · Psyché & prog nerveux
T3662	The Alan Parsons Project	Sirius	Rock · Psyché & prog rêveur
T3663	The Alchemist	6 Five Heartbeats (feat. Vince Staples)	Rap · US
T3664	The Alchemist	E. Coli (feat. Earl Sweatshirt)	Rap · US
T3665	The Beach Boys	Good Vibrations (Remastered 2001)	Rock · Psyché & prog nerveux
T3666	The Beatles	And I Love Her (Remastered 2009)	Pop · Ballades
T3667	The Beatles	Because (Remastered 2009)	Rock · Psyché & prog rêveur
T3668	The Beatles	Because (Vocals Mix)	Pop · Ballades
T3669	The Believers	Who Dares to Believe in Me?	Électro · House
T3670	The Boyz from Brazil	O nosso amor (Armada mix)	Électro · House
T3671	The Colours That Rise feat. Yazmin Lacey	Atmosphere	Soul · R&B & neo soul posés
T3672	The Doors	Riders on the Storm	Rock · Psyché & prog nerveux
T3673	The Dramatics	In The Rain	Soul · Soul ballades
T3674	The Free Music	Law Yom Saalak Had	Funk · Funk, boogie & disco
T3675	The Internet	Dontcha	Soul · R&B & neo soul groovy
T3676	The Ipanemas	Samba D	Brésil · Samba & groove
T3677	The Lot Radio	Adam Port (Keinemusik) @TheLotRadio 02-21-2024	Électro · House
T3678	The Lot Radio	Barry Can't Swim @TheLotRadio 02-14-2024	Électro · House
T3679	The Love Unlimited Orchestra	I'm Falling In Love With You	Soul · Soul groovy
T3680	The Magician	Love Break	Électro · House
T3681	The O'Jays	Back Stabbers	Soul · Soul groovy
T3682	The Police	Masoko Tanga	Pop · Indie & synth-pop dansante
T3683	The RAH Band	Messages from the Stars (Remaster)	Électro · Nu-disco & synth
T3684	The Rah Band	Messages from the Stars (Slow Down Version)	Électro · Nu-disco & synth
T3685	The Rah Band	Messages from the Stars (Sped Up)	Électro · Nu-disco & synth
T3686	The S.O.S. Band	Groovin' (That's What We're Doin')	Funk · Funk, boogie & disco
T3687	The Silhouettes Project	At the Bay (feat. Illiterate)	Rap · US
T3688	The Silhouettes Project	Closer	Soul · R&B & neo soul posés
T3689	The Silhouettes Project	Standing There (feat. Asher Kosher & Paya)	Rap · US
T3690	The Silhouettes Project	What U Need (feat. Purple Cloud)	Rap · US
T3691	The Soul Searchers	Ashley's Roachclip	Funk · Funk, boogie & disco
T3692	The Strokes	The Adults Are Talking	Rock · Rock énergique
T3693	The Supermen Lovers	Starlight	Électro · House
T3694	The Swingle Singers	Adagio: Sonata No. 3 In E BWV 1016	Jazz · Vocal & ballades
T3695	The Swingle Singers	Bourree [English Suite No. 2 in A minor]	Jazz · Swing & big band
T3696	The Swingle Singers	Canon	Jazz · Vocal & ballades
T3697	The Swingle Singers	Choral De La Cantate Bwv 147 - Jesus Que Ma Joie Demeure	Jazz · Swing & big band
T3698	The Swingle Singers	Choral: Wachet auf, ruft uns die Stimme BWV 645	Jazz · Swing & big band
T3699	The Swingle Singers	Fugue in D Minor [The Art Of The Fugue BWV 1080]	Jazz · Swing & big band
T3700	The Swingle Singers	Fugue No.2 in C minor [The Well-Tempered Clavier - Book 2 BWV 871]	Jazz · Swing & big band
T3701	The Swingle Singers	Fugue No.21 In B Flat BWV 866	Jazz · Swing & big band
T3702	The Swingle Singers	Fugue No.5 in D [The Well-Tempered Clavier - Book 1 BWV 850]	Jazz · Swing & big band
T3703	The Swingle Singers	Fugue No.5 in D [The Well-Tempered Clavier - Book 2 BWV 874]	Jazz · Swing & big band
T3704	The Swingle Singers	Gavotte: Partita No.3 In E BWV 1006	Jazz · Swing & big band
T3705	The Swingle Singers	Invention A 2 Voix N 1 Bwv 772, en ut majeur	Jazz · Swing & big band
T3706	The Swingle Singers	Orchestral Suite No. 3 In D Minor, BWV 1068: Aria	Jazz · Vocal & ballades
T3707	The Swingle Singers	Prelude And Fugue No.1 In C BWV 846	Jazz · Vocal & ballades
T3708	The Swingle Singers	Prelude And Fugue No.10 In E Minor BWV 855	Jazz · Swing & big band
T3709	The Swingle Singers	Prelude And Fugue No.3 In C Sharp BWV 848	Jazz · Swing & big band
T3710	The Swingle Singers	Prelude Et Fugue Pour Orgue Bwv 541, en sol majeur	Jazz · Swing & big band
T3711	The Swingle Singers	Prelude No.1 in C [The Well-Tempered Clavier - Book 2 BWV 870]	Jazz · Swing & big band
T3712	The Swingle Singers	Prelude No.11 in F [The Well-Tempered Clavier - 2nd Book BWV 880]	Jazz · Swing & big band
T3713	The Swingle Singers	Prelude No.9 [The Well-Tempered Clavier - Book 2 BWV 878]	Jazz · Vocal & ballades
T3714	The Swingle Singers	Prelude Of Organ Chorale "Nun Komm Der Heiden Heiland" BWV 659	Jazz · Vocal & ballades
T3715	The Swingle Singers	Sinfonia [Partita No.2 BWV 826]	Jazz · Swing & big band
T3716	The Swingle Singers	Vivace: Concerto For 2 Violins In D Minor BWV 1043	Jazz · Swing & big band
T3717	The System	You Are in My System	Funk · Funk, boogie & disco
T3718	The Temptations	Papa Was A Rollin' Stone (Single Version)	Soul · Soul groovy
T3719	The Voidz	Prophecy of the Dragon	Rock · Rock énergique
T3720	The Wes Montgomery Trio	Too Late Now	Jazz · Vocal & ballades
T3721	The Whitest Boy Alive	Burning	Pop · Indie & synth-pop dansante
T3722	The Whitest Boy Alive	Serious	Pop · Indie & synth-pop dansante
T3723	Thed	Toucher les Étoiles	Rap · FR posé
T3724	Thee Sacred Souls	Will I See You Again?	Soul · Soul ballades
T3725	TheIdiotDope	Teen Drummer Rocks Whiplash Solo	Jazz · Swing & big band
T3726	them0rus	Crosby, Stills, Nash & Young   Almost Cut My Hair Live 1974	Rock · Blues qui groove
T3727	Theo Parrish	What You Gonna Ask For (Theo's Mix) (feat. Lori, Silentjay, Simon Mavin & Perrin Moss)	Électro · Deep house vocale
T3728	Theodora	KONGOLESE SOUS BBL	Afrique · Afrobeats & amapiano
T3729	Thievery Corporation	33 Degree	Électro · Ambient & nappes
T3730	Thievery Corporation	All That We Perceive	Électro · Ambient & nappes
T3731	Thievery Corporation	La Femme Parallel	Électro · Downtempo chill
T3732	Thin Lizzy	Still In Love With You (Live At The Tower Theatre, Philadelphia, USA / 1977)	Rock · Rock doux & mélancolique
T3733	THIRD WIFE	Lowbird	Électro · Downtempo chill
T3734	Thornato	Last Chance (feat. The Spy From Cairo)	Électro · Broken beat & nu jazz
T3735	Thundercat	3AM	Jazz · Jazz-funk & groove
T3736	Thundercat	A Fan's Mail (Tron Song Suite II)	Jazz · Jazz-funk & groove
T3737	Thundercat	Fair Chance (feat. Ty Dolla $ign & Lil B)	Soul · R&B & neo soul posés
T3738	Thundercat	Overseas (feat. Zack Fox)	Soul · R&B & neo soul groovy
T3739	Thundercat	Them Changes	Funk · Funk, boogie & disco
T3740	Thundercat	Walk On By (feat. Kendrick Lamar)	Soul · R&B & neo soul posés
T3741	Thundercat	Walkin'	Soul · R&B & neo soul groovy
T3742	Thylacine	Home	Électro · Ambient & nappes
T3743	Tiakola	Atasanté (feat. Hamza)	Afrique · Afrobeats & amapiano
T3744	Tianmi	Soulager	Pop · Indie & synth-pop douce
T3745	TIF	1.6	Rap · FR sombre
T3746	TIF	HINATA	Rap · FR énergique
T3747	TIF	IL EST 2H ET TU ME MANQUES	Rap · FR introspectif
T3748	TIF	MATHUSALEM	Rap · FR introspectif
T3749	TIF	SHADOW BOXING	Rap · FR énergique
T3750	TIF	TIF - LIVE SESSION 1.6	Rap · FR groovy
T3751	TIF & Flenn	S12	Rap · FR sombre
T3752	Timmy Thomas	Why Can't We Live Together	Soul · Soul groovy
T3753	Tinariwen	Le Chant Des Fauves	Afrique · Folk, blues & mandingue
T3754	Tiny Desk Brasil	Tim Bernardes : Tiny Desk Brasil	Brésil · MPB douce
T3755	tm0648	Bad and Boujee Remix (Wii x Migos)	Rap · Pays à préciser
T3756	tn_490	Traffic (with Zeu)	Électro · House
T3757	TOCO	MEU RIO	Brésil · Bossa nova
T3758	Toco	Outro Lugar	Brésil · Bossa nova
T3759	tojiramasaavv	SOLID SLIDER - Tatsuro Yamashita	Pop · City pop & disco
T3760	Tom & Joy	Meditation	Électro · Downtempo chill
T3761	Tom Jarmey	Beach Jazz (feat. MarBlu)	Électro · Deep house instrumentale
T3762	Tom Peters & Claude Debussy	Arabesque No.1	Classique · Moderne contemplatif
T3763	Tom Petty And The Heartbreakers	Magnolia	Rock · Rock doux & mélancolique
T3764	Tom Zé	A felicidade	Brésil · MPB douce
T3765	Toman	Una Y Nada	Électro · Deep house planante
T3766	Tomasz Guiddo	Where The Wild Roam (Erobique Disko Remix Radio Edit)	Électro · Nu-disco & synth
T3767	Tommy Flanagan	Willow Weep for Me	Jazz · Bop & cool nocturne
T3768	Tomohito Nishiura	教授のカバン (ミニカー) (ハイクオリティーバージョン) - The Toy Car (High Quality Version)	Folk · Folk acoustique & traditions
T3769	tonton4o	Pepe Bradock - Deep Burnt	Électro · Deep house instrumentale
T3770	Toploader	Dancing in the Moonlight	Pop · Pop rock & pop dansante
T3771	Toquinho	Carolina, Carol Bela	Brésil · Samba & groove
T3772	Toquinho	Insensatez	Brésil · Bossa nova
T3773	Tortured Soul	Take Me to Your House	Électro · House
T3774	TORYONTHEBEAT	You're in My System	Soul · R&B & neo soul posés
T3775	Toshiko Akiyoshi	Imagination	Jazz · Bop & cool nocturne
T3776	Toshiro Konno	The Pokemon Piano MEDLEY	Classique · Moderne contemplatif
T3777	Toto	Georgy Porgy	Soul · Soul groovy
T3778	Tour-Maubourg	Ode to Love	Électro · Deep house instrumentale
T3779	TRAUM	Frédéric Chopin: Étude Op. 10, No. 1 in C Major (Allegro)	Classique · Romantique passionné
T3780	TRAUM	Frédéric Chopin: Étude Op. 10, No. 10 in A-Flat Major (Vivace assai)	Classique · Romantique passionné
T3781	TRAUM	Frédéric Chopin: Étude Op. 10, No. 11 in E-Flat Major (Allegretto)	Classique · Romantique tendre
T3782	TRAUM	Frédéric Chopin: Étude Op. 10, No. 12 in C Minor (Allegro con fuoco)	Classique · Romantique passionné
T3783	TRAUM	Frédéric Chopin: Étude Op. 10, No. 2 in A Minor (Allegro)	Classique · Romantique passionné
T3784	TRAUM	Frédéric Chopin: Étude Op. 10, No. 3 in E Major (Lento ma non troppo)	Classique · Romantique tendre
T3785	TRAUM	Frédéric Chopin: Étude Op. 10, No. 4 in C-Sharp Minor (Presto)	Classique · Romantique passionné
T3786	TRAUM	Frédéric Chopin: Étude Op. 10, No. 5 in G-Flat Major (Vivace)	Classique · Romantique passionné
T3787	TRAUM	Frédéric Chopin: Étude Op. 10, No. 6 in E-Flat Minor (Andante)	Classique · Romantique tendre
T3788	TRAUM	Frédéric Chopin: Étude Op. 10, No. 7 in C Major (Vivace)	Classique · Romantique passionné
T3789	TRAUM	Frédéric Chopin: Étude Op. 10, No. 8 in F Major (Allegro)	Classique · Romantique passionné
T3790	TRAUM	Frédéric Chopin: Étude Op. 10, No. 9 in F Minor (Allegro molto agitato)	Classique · Romantique passionné
T3791	TRAUM	Grandes études de Paganini, S. 141: No. 1 in G Minor (Preludio, Andante; Etude – Non troppo lento)	Classique · Romantique passionné
T3792	TRAUM	Grandes études de Paganini, S. 141: No. 2 in E-Flat Major (Andante capriccioso)	Classique · Romantique passionné
T3793	TRAUM	Grandes études de Paganini, S. 141: No. 3 in G-Sharp Minor (Allegretto) "La campanella"	Classique · Romantique passionné
T3794	TRAUM	Grandes études de Paganini, S. 141: No. 4 in E Major (Vivo)	Classique · Romantique passionné
T3795	TRAUM	Grandes études de Paganini, S. 141: No. 5 in E Major (Allegretto)	Classique · Romantique passionné
T3796	TRAUM	Grandes études de Paganini, S. 141: No. 6 in A minor "Theme and Variations" (Quasi presto, a capriccio)	Classique · Romantique passionné
T3797	Traum Piano	19 Most Romantic Waltzes - Chopin Complete Waltzes	Classique · Romantique tendre
T3798	Traum Piano	Beethoven Piano Sonata "Pathétique" No.8 in C minor, Op.13	Classique · Baroque lent
T3799	Traum Piano	Beethoven's Most Favorite Piano Sonata Op.78 "à Thérèse"	Classique · Baroque lent
T3800	Traum Piano	Chopin - 5 Most Beautiful Waltzes	Classique · Romantique tendre
T3801	Traum Piano	Most Horrifying Piano Music - Liszt "Der Doppelgänger"	Classique · Romantique passionné
T3802	Traum Piano	Mozart / Liszt - Ave verum corpus	Classique · Romantique tendre
T3803	TRAVA BEATS	AFRO HOUSE DRUM KIT 2026 | Drum Kit Download	(aucune)
T3804	treedmusic	Sade - Surrender Your Love (Kenny Larkin Remix)	Électro · Deep house planante
T3805	Triniidadii	Loud Enough.	Rap · Pays à préciser
T3806	Trio Ternura	Last Tango In Paris	Brésil · MPB douce
T3807	Tripolism	Dope Dance	Électro · House
T3808	Trixxo	Diez	Électro · House
T3809	Trus'me	Can We Pretend (feat. Amp Fiddler & Kenny 'Mac' Martin)	Électro · Deep house vocale
T3810	Trus'me	Working Nights	Électro · Deep house instrumentale
T3811	Tuerie	Le givre et le vent	Rap · FR sombre
T3812	Tuerie	No More	Rap · FR groovy
T3813	Tuerie	PRÊCHE !	Rap · FR groovy
T3814	TUL8TE	Shedeeny (Jazz Edition, Live)	Jazz · Jazz-funk & groove
T3815	Tunnelvisions	Guava (Extended Mix)	Électro · Deep house instrumentale
T3816	Twilight	Give Love a Try	Funk · Funk, boogie & disco
T3817	Two Lee	To the Sky	Électro · House
T3818	Tyla	Water	Afrique · Afrobeats & amapiano
T3819	Tyler, The Creator	Boredom (feat. Rex Orange County & Anna of the North)	Rap · US
T3820	Tyler, The Creator	EARFQUAKE	Rap · US
T3821	Tyler, The Creator	FIND YOUR WINGS (feat. Roy Ayers, Sydney Bennett & Kali Uchis)	Soul · R&B & neo soul posés
T3822	Tyler, The Creator	Glitter	Rap · US
T3823	Tyler, The Creator	GONE, GONE / THANK YOU	Rap · US
T3824	Tyler, The Creator	HOT WIND BLOWS (feat. Lil Wayne)	Rap · US
T3825	Tyler, The Creator	I THINK	Rap · US
T3826	Tyler, The Creator	Pothole (feat. Jaden Smith)	Rap · US
T3827	Tyler, The Creator	PUPPET	Rap · US
T3828	Tyler, The Creator	RUNNING OUT OF TIME	Rap · US
T3829	Tyler, The Creator	SAFARI	Rap · US
T3830	Tyler, The Creator	See You Again (feat. Kali Uchis)	Rap · US
T3831	Tyler, The Creator	Tomorrow	Rap · US
T3832	Tyler, The Creator	Where This Flower Blooms (feat. Frank Ocean)	Rap · US
T3833	Tyrone Davis	Ain't Nothing I Can Do	Soul · Soul ballades
T3834	Tzii	Tzii - الحياة جميلة	Rap · Maghreb
T3835	Tzvi Erez	Solfeggietto in C Minor (Live)	Classique · Baroque vif
T3836	Umbraid	Into Forlorn Countryside	Électro · Ambient & nappes
T3837	Underworld	Born Slippy (Nuxx) (Radio Edit)	Électro · Techno percutante
T3838	Underworld	Dark And Long (Dark Train)	Électro · Techno hypnotique
T3839	USG feat. Monica Elam	Life 4 Living	Électro · Deep house vocale
T3840	V.I.C.A.R.I.	Pascià (Dub)	Électro · Deep house planante
T3841	Vanessa Da Mata	Boa Sorte / Good Luck (feat. Ben Harper)	Brésil · MPB douce
T3842	Varnish La Piscine	ADIOS, TORNADO'S EFFECT	Pop · Indie & synth-pop dansante
T3843	Varnish La Piscine	FACE TO FACE (feat. Bonnie Banane)	Soul · R&B & neo soul groovy
T3844	Varnish La Piscine	ILLUSION SUR MAUNA LOA	Pop · Indie & synth-pop dansante
T3845	Varyk	C.P.E. Bach - Solfeggio in C minor	Classique · Baroque vif
T3846	Varyk	Debussy - Doctor Gradus ad Parnassum	Classique · Moderne tendu
T3847	Varyk	Kabalevsky - Etude Op. 27 No. 3	Classique · Moderne tendu
T3848	Varyk	Rachmaninoff - Nocturne No.2 in F Major	Classique · Romantique tendre
T3849	Varyk	Ravel - Jeux d'eau	Classique · Moderne tendu
T3850	Vega	London Roots (Main Mix) (feat. jOHNNYDANGEROUs)	Électro · House
T3851	Vendredi sur Mer	La femme à la peau bleue	Pop · Indie & synth-pop douce
T3852	Vendredi sur Mer	Les filles désir	Pop · Indie & synth-pop douce
T3853	Venna	Standard	Rap · UK
T3854	Veridis Project	Nekfeu x Alpha Wann - Porco Rosso (Prod.Asbel)	Rap · FR groovy
T3855	Victor Démé	Djôn'Maya	Afrique · Folk, blues & mandingue
T3856	Videoclub	Amour plastique	Pop · Indie & synth-pop douce
T3857	Vieux Père	Baby Mama	Rap · FR groovy
T3858	Víkingur Ólafsson	J.S. Bach: Prelude & Fugue in C Minor (Well-Tempered Clavier, Book I, No. 2), BWV 847: I. Prelude	Classique · Baroque vif
T3859	Vince Guaraldi Trio	Christmas Is Coming	Jazz · Bop qui swingue
T3860	Vince Guaraldi Trio	Christmas Time Is Here (Instrumental)	Jazz · Bop & cool nocturne
T3861	Vince Guaraldi Trio	Christmas Time Is Here (Vocal)	Jazz · Vocal & ballades
T3862	Vince Guaraldi Trio	Fur Elise	Jazz · Bop & cool nocturne
T3863	Vince Guaraldi Trio	Great Pumpkin Waltz	Jazz · Bop & cool nocturne
T3864	Vince Guaraldi Trio	Greensleeves	Jazz · Bop & cool nocturne
T3865	Vince Guaraldi Trio	Hark, The Herald Angels Sing	Jazz · Bop & cool nocturne
T3866	Vince Guaraldi Trio	Linus And Lucy	Jazz · Bop qui swingue
T3867	Vince Guaraldi Trio	My Little Drum	Jazz · Bop & cool nocturne
T3868	Vince Guaraldi Trio	O Tannenbaum	Jazz · Bop & cool nocturne
T3869	Vince Guaraldi Trio	Skating	Jazz · Bop & cool nocturne
T3870	Vince Guaraldi Trio	Thanksgiving Theme	Jazz · Bop & cool nocturne
T3871	Vince Guaraldi Trio	The Christmas Song	Jazz · Bop & cool nocturne
T3872	Vince Guaraldi Trio	What Child Is This	Jazz · Bop & cool nocturne
T3873	Vinicius Honorio	Stabbed In The Heart	Électro · Techno percutante
T3874	Vinyl Mode	Shoft Alhala (Radio Edit)	Électro · House
T3875	Virgil Howe	Someday	Électro · Breaks & drum'n'bass
T3876	Vladimir Horowitz	Hungarian Rhapsody No. 2 in C-Sharp Minor, S. 244/2	Classique · Romantique passionné
T3877	Vladimir Horowitz	Polonaise in A-Flat Major, Op. 53 "Heroic"	Classique · Romantique passionné
T3878	Voceux	Gotye - Somebody That I Used to Know feat. Kimbra | Full Version #voice #voceux #lyrics #acapella	Pop · Ballades
T3879	Voices	Can You See The Light? (K.O.T. Classic Mix)	Électro · House
T3880	Voiski	On The Edge Of Adhesion	Électro · Techno hypnotique
T3881	Volante	a gran turismo vibe mix.	Jazz · Lounge & jazz d'ambiance
T3882	Voltaire	Chopin - Waltz in E Minor (Op. Posth. B. 56)	Classique · Romantique passionné
T3883	Vondkreistan	First vision (feat. iris capricorn)	Électro · Deep house planante
T3884	Voyou	Malika (feat. Ladaniva)	Pop · Indie & synth-pop dansante
T3885	VT	Ville de Snitch	Rap · FR sombre
T3886	Vulax	Ami - Concours composition Avner (piano)	Classique · Moderne contemplatif
T3887	Vulax	LAO (Participation au concours d'Avner) VULAX	Classique · Moderne contemplatif
T3888	Vulfpeck	Back Pocket (feat. Theo Katzman, Christine Hucal & Mark Dover)	Funk · Funk, boogie & disco
T3889	Vundabar	Alien Blues	Rock · Rock doux & mélancolique
T3890	Wale The Sage	Bleue	Rap · FR posé
T3891	WAR	The World is a Ghetto	Soul · Soul ballades
T3892	Warda	Batwanes Beek	Orient · Fairouz, tarab & chanson
T3893	Warda El Gazaerya	Ana Arfa	Orient · Fairouz, tarab & chanson
T3894	Warda El Gazaerya	Haramt Ahebak	Orient · Fairouz, tarab & chanson
T3895	Warehouse	WAL.063 Lebö @WarehouseNantes Nantes - 04.04.2021	Électro · House
T3896	Warp Dub Sound System	Night Places Darkness Upon The Earth	Électro · Techno hypnotique
T3897	Wayne Snow	Red Runner	Soul · R&B & neo soul groovy
T3898	Wbeeza	He's so Crazy (Mixed)	Électro · Deep house instrumentale
T3899	Weld Lgriya 09	3acha Cha3b (feat. Lz3er & Lgnawi)	Rap · Maghreb
T3900	Wes Montgomery	All The Way	Jazz · Vocal & ballades
T3901	Wes Montgomery	Baubles Bangles And Beads	Brésil · Bossa nova
T3902	Wes Montgomery	Canadian Sunset	Brésil · Bossa nova
T3903	Wes Montgomery	D-Natural Blues (Remastered 2025)	Jazz · Bop qui swingue
T3904	Wes Montgomery	Days Of Wine And Roses	Jazz · Bop & cool nocturne
T3905	Wes Montgomery	Dearly Beloved	Jazz · Bop qui swingue
T3906	Wes Montgomery	For Heaven's Sake	Jazz · Vocal & ballades
T3907	Wes Montgomery	God Bless The Child	Jazz · Vocal & ballades
T3908	Wes Montgomery	God Bless The Child (Take 2)	Jazz · Vocal & ballades
T3909	Wes Montgomery	In The Wee Small Hours Of The Morning	Jazz · Vocal & ballades
T3910	Wes Montgomery	My Romance	Jazz · Vocal & ballades
T3911	Wes Montgomery	Prelude To A Kiss	Jazz · Vocal & ballades
T3912	Wes Montgomery	Pretty Blue (Take 2)	Jazz · Bop & cool nocturne
T3913	Wes Montgomery	Somewhere	Jazz · Vocal & ballades
T3914	Wes Montgomery	The Girl Next Door	Jazz · Vocal & ballades
T3915	Wes Montgomery	The Trick Bag	Jazz · Bop qui swingue
T3916	Wes Montgomery	Tune Up (Take 4)	Jazz · Bop qui swingue
T3917	Wes Montgomery	Tune Up (Take 5)	Jazz · Bop qui swingue
T3918	Wes Montgomery Trio	Dreamsville	Jazz · Vocal & ballades
T3919	Wes Montgomery Trio	For All We Know	Jazz · Vocal & ballades
T3920	Wes Montgomery Trio	'Round Midnight	Jazz · Bop & cool nocturne
T3921	Wes Montgomery Trio	The Way You Look Tonight (Take 2)	Jazz · Bop qui swingue
T3922	Wes Montgomery Trio	Whisper Not	Jazz · Bop qui swingue
T3923	Wes Montgomery Trio	Yesterday's Child	Jazz · Jazz-funk & groove
T3924	Wesley Joseph	Ur_Room	Soul · R&B & neo soul posés
T3925	West Code	Street Funk	Électro · Techno percutante
T3926	West Code	That Civic Has A Laptop	Électro · Techno percutante
T3927	Whilk & Misky	Clap Your Hands	Pop · Indie & synth-pop dansante
T3928	Wildcookie	Serious Drug	Funk · Funk, boogie & disco
T3929	Will Downing	The World Is A Ghetto	Soul · Soul ballades
T3930	Willie Colón	Oh Qué Será?	Latino · Salsa & latin soul
T3931	WILLIS	I Think I Like When It Rains	Pop · Indie & synth-pop douce
T3932	WITCH	Home Town	Rock · Psyché & prog nerveux
T3933	Wolfgang Müller Steinbach	11 Bagatelles, Op. 119: No. 1 in G Minor	Classique · Baroque lent
T3934	WonderBag	Candy Eyes	Pop · Indie & synth-pop douce
T3935	Wonders of Classical Music	Chopin Nocturnes	Classique · Romantique tendre
T3936	Worakls	Porto	Électro · Techno hypnotique
T3937	World, Sky & Universes	The Answer	Électro · Deep house planante
T3938	Worlen Kaizer	Contradição	Brésil · MPB douce
T3939	X-Men	J'attaque du mike	Rap · FR sombre
T3940	Xinobi	Searching For	Électro · Deep house planante
T3941	Xique-Xique	1542	Électro · Downtempo chill
T3942	XL Middleton	Fake The Funk	Funk · Funk, boogie & disco
T3943	Yaeji	Raingurl	Électro · Deep house vocale
T3944	Yanns	Clic clic pan pan	Rap · FR énergique
T3945	yaoikan1981	Theremin - Clara Rockmore play "The Swan" (Saint-Saëns)	Classique · Romantique tendre
T3946	Yasmin Levy	Una Noche Mas	Folk · Flamenco & tsigane
T3947	Yello	Oh Yeah (Remastered 2005)	Électro · Nu-disco & synth
T3948	Yellowm	WAY	Électro · Downtempo chill
T3949	YG Pablo	Ascenseur	Rap · FR introspectif
T3950	YG Pablo	AVM	Rap · FR introspectif
T3951	YG Pablo	MALHONNÊTE	Rap · FR introspectif
T3952	Yiuliusly	Papaya	Électro · House
T3953	Yksteexy	untitled	Rap · Pays à préciser
T3954	yky1122	Tatsuro Yamashita - Paper Doll 山下 達郎【Bass Cover】	Pop · City pop & disco
T3955	YL	Larlar 3 (Copenhague)	Rap · FR sombre
T3956	YlizzzZZZZzzz	Seu Jorge - Tive Razao (2004)	Brésil · Samba & groove
T3957	Yonderboi	Riders On the Storm	Électro · Ambient & nappes
T3958	Yoofee	Lost Papers	Électro · Downtempo chill
T3959	Youandewan	Be Good To Me Poly	Électro · Deep house instrumentale
T3960	Youandewan	Happiness Machine	Électro · Techno hypnotique
T3961	Youssef Swatt's	Aucun problème	Rap · FR introspectif
T3962	Youssef Swatt's	Générique de Fin - Nouvelle École	Rap · FR introspectif
T3963	Ysos	IL FAUT QUE DRAKE POSE SUR CETTE INSTRU ! (c'est si doux)	Rap · FR posé
T3964	Yuksek	Do Beijo (feat. Processman & Henriq Ch)	Électro · Nu-disco & synth
T3965	Yuksek	Gorgeous (feat. Confidence Man)	Électro · Nu-disco & synth
T3966	Yuksek	Icare	Électro · Nu-disco & synth
T3967	Yuksek	The Rollercoaster (Edit)	Électro · Nu-disco & synth
T3968	Yumi Matsutoya	影になって - We're All Free / Kage Ni Natte	Pop · City pop & disco
T3969	YUNDI	12 Études, Op. 10: No. 12 in C Minor "Revolutionary" (Live)	Classique · Romantique passionné
T3970	YUNDI	Fantasia No. 4 in C Minor, K. 475	Classique · Baroque vif
T3971	YUNDI	Mazurka No. 22 in G-Sharp Minor, Op. 33 No. 1 (Live)	Classique · Romantique tendre
T3972	YUNDI	Mazurka No. 23 in D Major, Op. 33 No. 2 (Live)	Classique · Romantique passionné
T3973	YUNDI	Mazurka No. 24 in C Major, Op. 33 No. 3 (Live)	Classique · Romantique tendre
T3974	YUNDI	Mazurka No. 25 in B Minor, Op. 33 No. 4 (Live)	Classique · Romantique tendre
T3975	YUNDI	Nocturne No. 1 in B-Flat Minor, Op. 9 No. 1	Classique · Romantique tendre
T3976	YUNDI	Nocturne No. 10 in A-Flat Major, Op. 32 No. 2	Classique · Romantique tendre
T3977	YUNDI	Nocturne No. 16 in E-Flat Major, Op. 55 No. 2	Classique · Romantique tendre
T3978	YUNDI	Nocturne No. 17 in B Major, Op. 62 No. 1	Classique · Romantique tendre
T3979	YUNDI	Nocturne No. 2 in E-Flat Major, Op. 9 No. 2 (Live)	Classique · Romantique tendre
T3980	YUNDI	Nocturne No. 21 in C Minor, Op. Posth.	Classique · Romantique tendre
T3981	YUNDI	Nocturne No. 4 in F Major, Op. 15 No. 1	Classique · Romantique tendre
T3982	YUNDI	Nocturne No. 5 in F-Sharp Major, Op. 15 No. 2	Classique · Romantique tendre
T3983	YUNDI	Nocturne No. 9 in B Major, Op. 32 No. 1	Classique · Romantique tendre
T3984	YUNDI	Piano Concerto No. 2 in F Minor, Op. 21: I. Maestoso	Classique · Romantique tendre
T3985	YUNDI	Piano Concerto No. 2 in F Minor, Op. 21: II. Larghetto	Classique · Romantique tendre
T3986	YUNDI	Piano Concerto No. 2 in F Minor, Op. 21: III. Allegro vivace	Classique · Romantique passionné
T3987	YUNDI	Piano Sonata No. 11 in A Major, K. 331 "Alla turca": I. (a) Tema con variazioni	Classique · Baroque lent
T3988	YUNDI	Piano Sonata No. 11 in A Major, K. 331 "Alla turca": I. (b) Variation I	Classique · Baroque lent
T3989	YUNDI	Piano Sonata No. 11 in A Major, K. 331 "Alla turca": I. (c) Variation II	Classique · Baroque lent
T3990	YUNDI	Piano Sonata No. 11 in A Major, K. 331 "Alla turca": I. (d) Variation III	Classique · Baroque lent
T3991	YUNDI	Piano Sonata No. 11 in A Major, K. 331 "Alla turca": I. (e) Variation IV	Classique · Baroque lent
T3992	YUNDI	Piano Sonata No. 11 in A Major, K. 331 "Alla turca": I. (f) Variation V	Classique · Baroque lent
T3993	YUNDI	Piano Sonata No. 11 in A Major, K. 331 "Alla turca": I. (g) Variation VI	Classique · Baroque vif
T3994	YUNDI	Piano Sonata No. 11 in A Major, K. 331 "Alla turca": II. Menuetto	Classique · Baroque lent
T3995	YUNDI	Piano Sonata No. 11 in A Major, K. 331 "Alla turca": III. Alla turca. Allegretto	Classique · Baroque vif
T3996	YUNDI	Piano Sonata No. 14 in C Minor, K. 457: I. Molto allegro	Classique · Baroque vif
T3997	YUNDI	Piano Sonata No. 14 in C Minor, K. 457: II. Adagio	Classique · Baroque lent
T3998	YUNDI	Piano Sonata No. 14 in C Minor, K. 457: III. Allegro assai	Classique · Baroque vif
T3999	YUNDI	Piano Sonata No. 2 in B-Flat Minor, Op. 35 "Funeral March": I. Grave - Doppio movimento (Live)	Classique · Romantique passionné
T4000	YUNDI	Piano Sonata No. 2 in B-Flat Minor, Op. 35 "Funeral March": II. Scherzo (Live)	Classique · Romantique passionné
T4001	YUNDI	Piano Sonata No. 2 in B-Flat Minor, Op. 35 "Funeral March": III. Marche funèbre. Lento (Live)	Classique · Romantique tendre
T4002	YUNDI	Piano Sonata No. 2 in B-Flat Minor, Op. 35 "Funeral March": IV. Finale. Presto (Live)	Classique · Romantique passionné
T4003	YUNDI	Polonaise in A-Flat Major, Op. 53 "Heroic" (Live)	Classique · Romantique passionné
T4004	Yuri Buenaventura	Ne me quitte pas	Latino · Salsa & latin soul
T4005	Yusef Lateef	Back Home	Jazz · Jazz-funk & groove
T4006	Yusef Lateef	Get Over, Get off and Get On	Jazz · Jazz-funk & groove
T4007	Yusef Lateef	Juba Juba	Jazz · Jazz-funk & groove
T4008	Yusef Lateef	Like It Is	Jazz · Lounge & jazz d'ambiance
T4009	Yusef Lateef	Othelia	Jazz · Smooth & groovy
T4010	Yusef Lateef	Six Miles Next Door	Jazz · Bop qui swingue
T4011	Yusef Lateef	Sun Dog	Jazz · Bop qui swingue
T4012	Yves Montand	Les feuilles mortes	Pop · Variété française
T4013	Yves Montand	Sous le ciel de Paris	Pop · Variété française
T4014	YVNNIS	94 CONNEXION (feat. NeS)	Rap · FR groovy
T4015	YVNNIS	BEE GEES	Rap · FR sombre
T4016	Zakes Bantwini	Osama	Électro · Deep house planante
T4017	Zamdane	Affamé #8 - Hayati	Rap · FR introspectif
T4018	Zamdane	Flouka	Rap · FR introspectif
T4019	Zamdane	Formidable (Affamé #21)	Rap · FR énergique
T4020	Zamdane	Groupie love	Rap · FR introspectif
T4021	Zamdane	Naïf	Rap · FR cloud & spleen
T4022	Zamdane	Noum	Rap · FR introspectif
T4023	Zé Ibarra	Vai Atrás Da Vida Que Ela Te Espera	Brésil · MPB douce
T4024	Zed Bias	The Music (Shur-I-Kan Vocal Mix Edit)	Électro · Deep house vocale
T4025	ZEROSEN	Son Of Pin Head	Jazz · Jazz-funk & groove
T4026	Zeu	BVB	Rap · FR sombre
T4027	Zeu	DECEPTICONS	Rap · FR sombre
T4028	Zeu	FLOW AL-ASSAD BASHAR	Rap · FR sombre
T4029	Zeu	HAALAND	Rap · FR énergique
T4030	Zeu	RARE	Rap · FR énergique
T4031	Ziad Rahbani	Bisaraha	Funk · Funk arabe des années 70
T4032	Ziad Rahbani	Khalas	Funk · Funk arabe des années 70
T4033	Ziad Rahbani	Prelude Theme From Mais Al Rim	Orient · Oud & taqsim
T4034	Ziad Rahbani	Rouh Khabbir	Funk · Funk arabe des années 70
T4035	zones2surf	Blues Japanese Style - Kunimoto Takeharu Jam w/ Buddy Guy & Chris Duarte! / 国本武春、バディ・ガイ、クリス・デュアーテ	Rock · Blues qui groove
T4036	Zubaran1977	Carl Czerny - Etude Op.299, No.21	Classique · Romantique passionné
T4037	Zuukou Mayzie	Je t'aime si je peux (Interlude)	Rap · FR posé
T4038	Zuukou Mayzie	Vincent	Rap · FR introspectif
T4039	Zycopolis TV	Bobby McFerrin & Chick Corea - Spain - LIVE HD	Jazz · Latin jazz
T4040	ØXYR	Calarth	Électro · Techno percutante
T4041	Дурной Вкус	Пластинки	Pop · Indie & synth-pop douce
T4042	照井順政	一緒なら	Classique · Moderne contemplatif
